{
  "name": "02_linear_ctx3_emb64",
  "hyperparams": {
    "context_size": 3,
    "embedding_dim": 64,
    "lr": 0.003,
    "batch_size": 256,
    "max_iters": 4000,
    "n_params": 24158
  },
  "iters": [
    0,
    160,
    320,
    480,
    640,
    800,
    960,
    1120,
    1280,
    1440,
    1600,
    1760,
    1920,
    2080,
    2240,
    2400,
    2560,
    2720,
    2880,
    3040,
    3200,
    3360,
    3520,
    3680,
    3840,
    3999
  ],
  "train_losses": [
    4.5960588455200195,
    2.553769588470459,
    2.5093014240264893,
    2.457798480987549,
    2.4086875915527344,
    2.430598735809326,
    2.4081692695617676,
    2.384922504425049,
    2.372586965560913,
    2.418203830718994,
    2.4003078937530518,
    2.406817674636841,
    2.403472661972046,
    2.3977603912353516,
    2.385425090789795,
    2.3776183128356934,
    2.410660743713379,
    2.412224054336548,
    2.3670763969421387,
    2.370908737182617,
    2.395240306854248,
    2.373927593231201,
    2.371181011199951,
    2.4023277759552,
    2.3683531284332275,
    2.366384506225586
  ],
  "val_losses": [
    4.614189624786377,
    2.61631178855896,
    2.4478554725646973,
    2.4824013710021973,
    2.466888904571533,
    2.460184097290039,
    2.443382740020752,
    2.4856715202331543,
    2.499476671218872,
    2.4525601863861084,
    2.437007427215576,
    2.4497692584991455,
    2.470933437347412,
    2.426661968231201,
    2.4276175498962402,
    2.470616102218628,
    2.4277725219726562,
    2.426284074783325,
    2.406322956085205,
    2.4485549926757812,
    2.385812282562256,
    2.4483580589294434,
    2.424621343612671,
    2.4127109050750732,
    2.4378726482391357,
    2.4258131980895996
  ],
  "samples": {
    "Litwo_T1.0": "Litwo, ojczyzno moja.\nRoda ząca ż tył wsem, czuba,\nMacimiąłagnąłebszićbytakom a j k ni Here wież zy,ma tramnałaże,\nChadnie k daje Sędzam  sta:\nJe lawerzin posta ny z woła Zastyrotkie ci o warzybękodząc: żyś ja zoć!\nMyćszaki robytrojąc wim chałtam\nDu ra wynał: «Ja, czkię  odzymimłuły, i łógnę wi Sem onęk wadziak, jeż ni",
    "Litwo_T0.7": "Litwo, ojczyzno moja  rokie wa liwasta duszenie bow zi roszy świe cza przy,\nŻe zem oł wieli koszy doć,\nI zate  pod wo mowsię na dzi wyklecić przym obrodki rękiędniego sięcy  magu,\nJak wie;\nI z ko przy — wz ka szkręczyłać u Talec zegł.\nSkarzy — rzałeszczobie bit w cię, żedo pole;\nChoć Ponie,\nDodonie podła na się ka taby"
  },
  "extra": {
    "train_time_s": 9.832818984985352,
    "best_val": 2.385812282562256
  }
}