{
  "name": "02_linear_ctx8_emb64",
  "hyperparams": {
    "context_size": 8,
    "embedding_dim": 64,
    "lr": 0.003,
    "batch_size": 256,
    "max_iters": 4000,
    "n_params": 54238
  },
  "iters": [
    0,
    160,
    320,
    480,
    640,
    800,
    960,
    1120,
    1280,
    1440,
    1600,
    1760,
    1920,
    2080,
    2240,
    2400,
    2560,
    2720,
    2880,
    3040,
    3200,
    3360,
    3520,
    3680,
    3840,
    3999
  ],
  "train_losses": [
    4.444724082946777,
    2.5827250480651855,
    2.527775287628174,
    2.471004009246826,
    2.4016222953796387,
    2.42940616607666,
    2.406522750854492,
    2.38600492477417,
    2.363833427429199,
    2.385554075241089,
    2.3522040843963623,
    2.3998966217041016,
    2.3775999546051025,
    2.321239948272705,
    2.361215591430664,
    2.3390679359436035,
    2.3476405143737793,
    2.349226236343384,
    2.3324942588806152,
    2.3273119926452637,
    2.3344483375549316,
    2.3426928520202637,
    2.313960313796997,
    2.2976527214050293,
    2.3205394744873047,
    2.3193399906158447
  ],
  "val_losses": [
    4.450858116149902,
    2.6273601055145264,
    2.587743043899536,
    2.5355522632598877,
    2.5163471698760986,
    2.4747884273529053,
    2.4516215324401855,
    2.4848132133483887,
    2.449328660964966,
    2.4311225414276123,
    2.478005886077881,
    2.4388225078582764,
    2.421827554702759,
    2.4677040576934814,
    2.4418606758117676,
    2.434476852416992,
    2.4854836463928223,
    2.4653568267822266,
    2.4235646724700928,
    2.393592596054077,
    2.4308741092681885,
    2.4191136360168457,
    2.402980327606201,
    2.4159302711486816,
    2.3881845474243164,
    2.4057273864746094
  ],
  "samples": {
    "Litwo_T1.0": "Litwo, ojczyzno mojadz ciro — rzy k wy Klitych wszychać. Niechmię k trojąc wim czychać\nDuchałuk!\nNiechł, cikiej za\nNiem złycheniógł, wi le monna w bie ko druci j szymo na liwady, dustenam brzyśląc sął gwie cza nacy,; tażem werużął zaczonydić,\nI zbycz pod włomię Taliać na mukuszyć przym ogrobie rmeczenkach sięcy; mrzu, ",
    "Litwo_T0.7": "Litwo, ojczyzno mojaka, że mnał ga szę weryku hał wsięd wiaruk paską podeinieszrono,\nZwieszał tak roż wach, to do polejuch nagłowy,\nDobie ma skę pniegł postrzanie zechć t w idony powszych posi.\nJak jeka ma dotone w zazdziać, ciera;\nNagł plicznie wieprzeszechoć sz polo wału wiał ka panie postu sprzy wać m zysi tiaszczen"
  },
  "extra": {
    "train_time_s": 11.657664060592651,
    "best_val": 2.3881845474243164
  }
}