{
  "name": "02_linear_ctx8_emb16",
  "hyperparams": {
    "context_size": 8,
    "embedding_dim": 16,
    "lr": 0.003,
    "batch_size": 256,
    "max_iters": 4000,
    "n_params": 13630
  },
  "iters": [
    0,
    160,
    320,
    480,
    640,
    800,
    960,
    1120,
    1280,
    1440,
    1600,
    1760,
    1920,
    2080,
    2240,
    2400,
    2560,
    2720,
    2880,
    3040,
    3200,
    3360,
    3520,
    3680,
    3840,
    3999
  ],
  "train_losses": [
    4.667553901672363,
    2.8475165367126465,
    2.658743143081665,
    2.5683393478393555,
    2.5374703407287598,
    2.5310773849487305,
    2.5197296142578125,
    2.470083713531494,
    2.485645294189453,
    2.4455034732818604,
    2.409585475921631,
    2.4329538345336914,
    2.4398112297058105,
    2.426018238067627,
    2.397937536239624,
    2.4202260971069336,
    2.4457147121429443,
    2.404890537261963,
    2.386371612548828,
    2.399749994277954,
    2.3852224349975586,
    2.417360782623291,
    2.3966212272644043,
    2.399522066116333,
    2.39341139793396,
    2.411647081375122
  ],
  "val_losses": [
    4.664341926574707,
    2.8817086219787598,
    2.75736665725708,
    2.6156203746795654,
    2.5805251598358154,
    2.5370872020721436,
    2.541011333465576,
    2.5077404975891113,
    2.513702869415283,
    2.496809482574463,
    2.513707160949707,
    2.4916908740997314,
    2.473097085952759,
    2.4666385650634766,
    2.431335210800171,
    2.426647186279297,
    2.498596668243408,
    2.491152286529541,
    2.470740556716919,
    2.468583822250366,
    2.4736545085906982,
    2.464207410812378,
    2.445960283279419,
    2.4858174324035645,
    2.4658126831054688,
    2.4365968704223633
  ],
  "samples": {
    "Litwo_T1.0": "Litwo, ojczyzno mojach młach.\nPo świ nie piłoty hot da nymię;\nWona\nPaszlaj kierodałą na butołu:\nMaził! bużwyznamią,\nA płebsnić niekom a j k nień pwienie pośmi trzączła.  rażanny;\nKniaje Myśram ierwą)\nLeśruszwino\nHraże póc wopawi:\nRorotkieGćrada jak, i wy Koniewo:\nSanoć!\nNieszakdzupodaj; wa sim chędąc ków la wiertem pi,",
    "Litwo_T0.7": "Litwo, ojczyzno mojary ki do gły cz rły si łógo podorem,\nA stowie no wie mi j podarwę, ltwie p dusienie brzesi s wął zwiek pobrasta; jaże m ziuż to o szy dać bał bie  pobiej. Hrhbiadłe na jekuszyć przym ogrobie dmich na go sięcy  mrzu, ia  wiemnał gać przykimie szace ręga tarupodasią potemie szrono słazeszkłodzy rotowa"
  },
  "extra": {
    "train_time_s": 9.52308988571167,
    "best_val": 2.426647186279297
  }
}