{
  "name": "02_linear_ctx3_emb32",
  "hyperparams": {
    "context_size": 3,
    "embedding_dim": 32,
    "lr": 0.003,
    "batch_size": 256,
    "max_iters": 4000,
    "n_params": 12126
  },
  "iters": [
    0,
    160,
    320,
    480,
    640,
    800,
    960,
    1120,
    1280,
    1440,
    1600,
    1760,
    1920,
    2080,
    2240,
    2400,
    2560,
    2720,
    2880,
    3040,
    3200,
    3360,
    3520,
    3680,
    3840,
    3999
  ],
  "train_losses": [
    4.630091667175293,
    2.6810250282287598,
    2.541649341583252,
    2.4915881156921387,
    2.4394021034240723,
    2.4288363456726074,
    2.4228322505950928,
    2.4325778484344482,
    2.3997225761413574,
    2.438356399536133,
    2.390794277191162,
    2.410680055618286,
    2.3931045532226562,
    2.401338815689087,
    2.372236728668213,
    2.3937156200408936,
    2.391186475753784,
    2.3840575218200684,
    2.370227098464966,
    2.40655255317688,
    2.35404896736145,
    2.3804898262023926,
    2.3714773654937744,
    2.367159605026245,
    2.320984363555908,
    2.3901572227478027
  ],
  "val_losses": [
    4.633899688720703,
    2.705932855606079,
    2.5694847106933594,
    2.532395601272583,
    2.520662307739258,
    2.50286602973938,
    2.4673008918762207,
    2.4274773597717285,
    2.4658501148223877,
    2.471989154815674,
    2.419887065887451,
    2.430182695388794,
    2.4092423915863037,
    2.418743371963501,
    2.426762819290161,
    2.433504104614258,
    2.4120404720306396,
    2.434401512145996,
    2.428274154663086,
    2.4439663887023926,
    2.4128806591033936,
    2.4317739009857178,
    2.4229319095611572,
    2.428732395172119,
    2.424124002456665,
    2.4217984676361084
  ],
  "samples": {
    "Litwo_T1.0": "Litwo, ojczyzno moja, no cu zyciłach.\nPo trzymie.\nChczy hrzeda  poczór gi na szlej kieroda zą szucy\nZałsim, ia buż palimocość».\n\n  niebytakom ny s  ni o peli, ż zy,ma drusznie parażannie m daje Sędzam ierwiali mruszwie posta nię,\nKródem:\nRodotkie ciedo jak, jej Jące m o wadzoć!\nMieszardzupidro; wa wim czyłocikłucze wyl",
    "Litwo_T0.7": "Litwo, ojczyzno moja,\nPrzec, czkiej załymimłuły sięłógnę wiele monę  owielik, dem i   rakiemnie trzego dusienie brzy i rosął zwie cza waje, k modzieczużedziecz ny i wy z by z pod wo mo się na dzlawy,\nUwić nie m obiadki ręczadniego sięcy  magu,\nJak wiech dz się z wejaku zarzekręczał\nI podasią  ja i serzesiodziałą sku ta"
  },
  "extra": {
    "train_time_s": 9.40553903579712,
    "best_val": 2.4092423915863037
  }
}