{
  "name": "02_linear_ctx2_emb16",
  "hyperparams": {
    "context_size": 2,
    "embedding_dim": 16,
    "lr": 0.003,
    "batch_size": 256,
    "max_iters": 4000,
    "n_params": 4606
  },
  "iters": [
    0,
    160,
    320,
    480,
    640,
    800,
    960,
    1120,
    1280,
    1440,
    1600,
    1760,
    1920,
    2080,
    2240,
    2400,
    2560,
    2720,
    2880,
    3040,
    3200,
    3360,
    3520,
    3680,
    3840,
    3999
  ],
  "train_losses": [
    4.692934513092041,
    2.9555697441101074,
    2.7148895263671875,
    2.619041919708252,
    2.57192063331604,
    2.5532310009002686,
    2.570876359939575,
    2.485898494720459,
    2.5436437129974365,
    2.505174160003662,
    2.5032501220703125,
    2.4694788455963135,
    2.474376678466797,
    2.4941017627716064,
    2.452333927154541,
    2.459221363067627,
    2.4374523162841797,
    2.4838204383850098,
    2.4989845752716064,
    2.4482593536376953,
    2.4430747032165527,
    2.4409666061401367,
    2.4754385948181152,
    2.4651386737823486,
    2.4608047008514404,
    2.426149845123291
  ],
  "val_losses": [
    4.677996635437012,
    2.9258742332458496,
    2.768671751022339,
    2.6224799156188965,
    2.59822678565979,
    2.562202215194702,
    2.5547122955322266,
    2.546921968460083,
    2.5111489295959473,
    2.542821168899536,
    2.5251693725585938,
    2.498821258544922,
    2.5341997146606445,
    2.4576172828674316,
    2.509384870529175,
    2.4721577167510986,
    2.5275864601135254,
    2.484247922897339,
    2.4823262691497803,
    2.4793100357055664,
    2.4829299449920654,
    2.49086332321167,
    2.4911093711853027,
    2.4291577339172363,
    2.4963014125823975,
    2.455718517303467
  ],
  "samples": {
    "Litwo_T1.0": "Litwo, ojczyzno mojakać, tem, się szerzy kam, Udymiewnałaka\nSzboróż wycie ch.\nPogeją nie droby darzeją  poczór gi.\n\n\nNak j kieroda ząca z toługrym, cząbażwyznamią ści, lbonićbatekom a na  ni Horwywiegtez,ma tram niałałemianny;\nTedzym Stakam  sta.\n\n  ierzywin postu ny c wota Zastorotkie ci.\n\n  rzy jeju Kostywo wa zoć Kr",
    "Litwo_T0.7": "Litwo, ojczyzno mojamiszakdzu k trojąc wim ch Stam du szywiegłote trzynkie  o symim zły sięłógo, wiele monę towie na, dem i   rak Regroltwie w dustenie bona i s szyczyśliczy prota; jakło wejuże z o szy doć bałuby z pobiej mowsię dać wa my lusić przym obrobie dmich na go sięcy dzegu,\nJak wie;\nI z ko sza  dawi ka, wsię c"
  },
  "extra": {
    "train_time_s": 9.021569013595581,
    "best_val": 2.4291577339172363
  }
}