{
  "name": "02_linear_ctx1_emb16",
  "hyperparams": {
    "context_size": 1,
    "embedding_dim": 16,
    "lr": 0.003,
    "batch_size": 256,
    "max_iters": 4000,
    "n_params": 3102
  },
  "iters": [
    0,
    160,
    320,
    480,
    640,
    800,
    960,
    1120,
    1280,
    1440,
    1600,
    1760,
    1920,
    2080,
    2240,
    2400,
    2560,
    2720,
    2880,
    3040,
    3200,
    3360,
    3520,
    3680,
    3840,
    3999
  ],
  "train_losses": [
    4.7603654861450195,
    3.054590940475464,
    2.766007900238037,
    2.6534948348999023,
    2.6628530025482178,
    2.650953769683838,
    2.662446975708008,
    2.61796236038208,
    2.604111909866333,
    2.5917296409606934,
    2.59812331199646,
    2.5882420539855957,
    2.6216015815734863,
    2.5925509929656982,
    2.605745315551758,
    2.600029945373535,
    2.5992727279663086,
    2.584524154663086,
    2.5944066047668457,
    2.5990207195281982,
    2.5814547538757324,
    2.5746819972991943,
    2.5812463760375977,
    2.6035804748535156,
    2.6092562675476074,
    2.5687530040740967
  ],
  "val_losses": [
    4.760417938232422,
    3.0771374702453613,
    2.809129476547241,
    2.710475206375122,
    2.69087553024292,
    2.64048433303833,
    2.6311888694763184,
    2.5979936122894287,
    2.6456682682037354,
    2.5958149433135986,
    2.616870641708374,
    2.641275405883789,
    2.624284267425537,
    2.5962677001953125,
    2.608872175216675,
    2.6018197536468506,
    2.5745320320129395,
    2.6057796478271484,
    2.6099588871002197,
    2.567657709121704,
    2.5636420249938965,
    2.5689148902893066,
    2.6094744205474854,
    2.591392755508423,
    2.561967372894287,
    2.638561725616455
  ],
  "samples": {
    "Litwo_T1.0": "Litwo, ojczyzno moja — wiaka spadźdze sku sze uś kakłośkaliewnadzkaja nozienie młach.\nPo tym mie piłoty gok Da ałoczóż gnane sze j ju roda zą sze t\nKlędym, ia buż panarocharo, stonićbytakom a w   nino ptrobie zy, pianąchniałałemianni;\nKnej gory\nOwa  zętwaliemrurawin postu odac woła Zać nedakieGcimo — pi, ieju Ksitywo w",
    "Litwo_T0.7": "Litwo, ojczyzno moja! zemierziszako rowy pojąch, m czycha kłu szywy!\nNite i, wikie  o,\nNiem «Bych niógobiegłyniemię  wy wiek, de zy   rzy Rerz liwie w dzemieja bow  i stu zał że cza prota; Rozy,  ciużelu o szy dić,\nI zata  pobiej mo si siać wn mykuszyć praczyłyszkoc rmiczaniego siecho m gu,\nJa, wie;\nI z ką sza  — wi ka"
  },
  "extra": {
    "train_time_s": 9.10295581817627,
    "best_val": 2.561967372894287
  }
}