{
  "name": "02_linear_quick",
  "hyperparams": {
    "context_size": 4,
    "embedding_dim": 16,
    "lr": 0.003,
    "batch_size": 128,
    "max_iters": 2000,
    "n_params": 7614
  },
  "iters": [
    0,
    80,
    160,
    240,
    320,
    400,
    480,
    560,
    640,
    720,
    800,
    880,
    960,
    1040,
    1120,
    1200,
    1280,
    1360,
    1440,
    1520,
    1600,
    1680,
    1760,
    1840,
    1920,
    1999
  ],
  "train_losses": [
    4.699315071105957,
    3.204216718673706,
    2.965109348297119,
    2.8013112545013428,
    2.741569757461548,
    2.6936745643615723,
    2.660712718963623,
    2.6355843544006348,
    2.587141275405884,
    2.5632832050323486,
    2.5567727088928223,
    2.546586275100708,
    2.570679187774658,
    2.5414180755615234,
    2.545623779296875,
    2.5079574584960938,
    2.5443034172058105,
    2.492952823638916,
    2.512673854827881,
    2.515444040298462,
    2.4612374305725098,
    2.487316608428955,
    2.4226315021514893,
    2.4599530696868896,
    2.4860193729400635,
    2.4818809032440186
  ],
  "val_losses": [
    4.700000286102295,
    3.2197327613830566,
    2.9701671600341797,
    2.828490734100342,
    2.7393462657928467,
    2.673853874206543,
    2.7130231857299805,
    2.6462178230285645,
    2.5895535945892334,
    2.605457067489624,
    2.6237969398498535,
    2.6180949211120605,
    2.5853896141052246,
    2.6106438636779785,
    2.570197582244873,
    2.559648036956787,
    2.5533149242401123,
    2.5448975563049316,
    2.5055534839630127,
    2.5451133251190186,
    2.523159980773926,
    2.518918991088867,
    2.465186595916748,
    2.571394205093384,
    2.5044257640838623,
    2.5031239986419678
  ],
  "samples": {
    "Litwo_T1.0": "Litwo, ojczyzno mojawi,  st iani,\nOdałenie;\nP iśliw liszuponierwiemniądmiesz postęziosk,\nTeo sórżem wała, ałalki,\nCh ie  ożny tole, jasdta \nJak o wająż\nOw lanie zam dymieć d urok nał sem gł dowem:… Todo zygniał powar brakieć pajją ciejra o o chemielkiąc dzitać,\nTy biekieświoli,\nUbyprowiecz na poroskał o źrebnie lpa:\nJe",
    "Litwo_T0.7": "Litwo, ojczyzno moja;\nAka dzieli…, słowie przebola,\nI z sem m żo jrziądał ma n w pbysta k ma by wdzyk,\nAt ki rzie,\nCheli tarów jąż zła krzać ! Uszerzera z Rowszcz raszędziej,  poleską przebodzuje je się ju sprószy daje, nie wie h gomazy,  szę talid! pomienie poteryszać wy cie  u bie szrzył zę w zisze szało zakomy naki,"
  },
  "extra": {
    "train_time_s": 4.354862213134766,
    "best_val": 2.465186595916748
  }
}