{
  "name": "02_linear_ctx3_emb16",
  "hyperparams": {
    "context_size": 3,
    "embedding_dim": 16,
    "lr": 0.003,
    "batch_size": 256,
    "max_iters": 4000,
    "n_params": 6110
  },
  "iters": [
    0,
    160,
    320,
    480,
    640,
    800,
    960,
    1120,
    1280,
    1440,
    1600,
    1760,
    1920,
    2080,
    2240,
    2400,
    2560,
    2720,
    2880,
    3040,
    3200,
    3360,
    3520,
    3680,
    3840,
    3999
  ],
  "train_losses": [
    4.665077209472656,
    2.898318290710449,
    2.659393310546875,
    2.595064640045166,
    2.5598301887512207,
    2.5272090435028076,
    2.5096797943115234,
    2.5190858840942383,
    2.4914565086364746,
    2.488069772720337,
    2.4767119884490967,
    2.482999086380005,
    2.4562277793884277,
    2.4462928771972656,
    2.440803050994873,
    2.4377448558807373,
    2.4361982345581055,
    2.4205429553985596,
    2.446934700012207,
    2.4151740074157715,
    2.435194492340088,
    2.430427074432373,
    2.4138317108154297,
    2.4272968769073486,
    2.4328787326812744,
    2.3755946159362793
  ],
  "val_losses": [
    4.659082889556885,
    2.906660795211792,
    2.6938576698303223,
    2.6217658519744873,
    2.6013216972351074,
    2.5543479919433594,
    2.5551388263702393,
    2.522871494293213,
    2.513920545578003,
    2.499924898147583,
    2.479743242263794,
    2.487886905670166,
    2.459260940551758,
    2.475787878036499,
    2.4540727138519287,
    2.462656021118164,
    2.4639766216278076,
    2.445403814315796,
    2.445650815963745,
    2.4422996044158936,
    2.4873244762420654,
    2.446687936782837,
    2.4624276161193848,
    2.464237689971924,
    2.4690067768096924,
    2.495846748352051
  ],
  "samples": {
    "Litwo_T1.0": "Litwo, ojczyzno mojak się szerubyśniakie\nZzywnałaki\nSzie, u zyciłach.\nPo tuż nie.\n\n by darzeda  poczór pianą szlej kieroda zą szucy\nZlęsym, ia bażwyzy,\nBomary, lbonić niekom pysty ni Hrawie, ż zy, pianą;\nNież łemianny;\nTedaku Sędzam potrobliem,\nDawin posta ny c wopawileźnejakieGczrobiarzy k wy Kodtywo siałoć!\nMieszakdz",
    "Litwo_T0.7": "Litwo, ojczyzno mojarzy trojąc wim czyłowikłu sz wie,\nI żem, czkie  o symim zły sięłówię wiele monę  owie no w szę c krzy więcietwie w dustenie brze i s szyczyśliczał\nI ta; Ruże, wejuże w oczy, dodwia:\nJe z pobiej modzi siać na mukuszyć przym obrobie dmiczenie m sięcy szrzu,\nAża wie;\nI z ko sza  — ku szace ręczałać pod"
  },
  "extra": {
    "train_time_s": 9.08959698677063,
    "best_val": 2.4422996044158936
  }
}