{
  "name": "02_linear_ctx8_emb32",
  "hyperparams": {
    "context_size": 8,
    "embedding_dim": 32,
    "lr": 0.003,
    "batch_size": 256,
    "max_iters": 4000,
    "n_params": 27166
  },
  "iters": [
    0,
    160,
    320,
    480,
    640,
    800,
    960,
    1120,
    1280,
    1440,
    1600,
    1760,
    1920,
    2080,
    2240,
    2400,
    2560,
    2720,
    2880,
    3040,
    3200,
    3360,
    3520,
    3680,
    3840,
    3999
  ],
  "train_losses": [
    4.543717861175537,
    2.692742109298706,
    2.50919771194458,
    2.4513981342315674,
    2.4598052501678467,
    2.425407648086548,
    2.4329159259796143,
    2.3568286895751953,
    2.3653111457824707,
    2.375025749206543,
    2.394575834274292,
    2.378049373626709,
    2.396613836288452,
    2.404013156890869,
    2.3661856651306152,
    2.3409268856048584,
    2.372919797897339,
    2.3404440879821777,
    2.350231885910034,
    2.383490800857544,
    2.357670545578003,
    2.3505282402038574,
    2.3504459857940674,
    2.377509593963623,
    2.3424131870269775,
    2.3608603477478027
  ],
  "val_losses": [
    4.54462194442749,
    2.6871120929718018,
    2.564789295196533,
    2.5453855991363525,
    2.5250205993652344,
    2.4890902042388916,
    2.4641971588134766,
    2.4131834506988525,
    2.456028461456299,
    2.4402894973754883,
    2.455568790435791,
    2.440145969390869,
    2.4144668579101562,
    2.4204494953155518,
    2.4419941902160645,
    2.434452533721924,
    2.464733123779297,
    2.40470552444458,
    2.3824894428253174,
    2.422834873199463,
    2.3880443572998047,
    2.392082929611206,
    2.4119057655334473,
    2.4595627784729004,
    2.412785768508911,
    2.4480068683624268
  ],
  "samples": {
    "Litwo_T1.0": "Litwo, ojczyzno mojakł:\nMa, czubażą zborocość, webszić ną kom ała\n  n no pwienie zy,ma drącznie premianni;\nTadaje Mógłam  przedli mruszwie postu: palem, a ile naj kie ci o m pie j wy śni dzo wadzoć!\nNieszakdzi k Ojojąc wim czyktam\nDubrzywk!»\nPrewi, czkie  ogodomyłuły, i łógnę wiele monę towie nko drazi jusik o wroliwad",
    "Litwo_T0.7": "Litwo, ojczyzno mojada dusteni zbowy i sku z zwadzał Hrabia; Rzokom wióż to u szy dać wajuby z pod wolemi szy ko na mukuszyć przym ogrodki rugiem, żem sięcy skrzu,\nJak wie na z ko fraweraku harzekręda h ruk niemi pole.\nSkarzy — le ka ską tak rotow czystę do pierzał powedzie, nodkiej podzieniegoną,\nI nie wopiestomił; da"
  },
  "extra": {
    "train_time_s": 10.051674842834473,
    "best_val": 2.3824894428253174
  }
}