{
  "name": "02_linear_ctx3_emb8",
  "hyperparams": {
    "context_size": 3,
    "embedding_dim": 8,
    "lr": 0.003,
    "batch_size": 256,
    "max_iters": 4000,
    "n_params": 3102
  },
  "iters": [
    0,
    160,
    320,
    480,
    640,
    800,
    960,
    1120,
    1280,
    1440,
    1600,
    1760,
    1920,
    2080,
    2240,
    2400,
    2560,
    2720,
    2880,
    3040,
    3200,
    3360,
    3520,
    3680,
    3840,
    3999
  ],
  "train_losses": [
    4.712032794952393,
    3.1348633766174316,
    2.838090181350708,
    2.72306227684021,
    2.6649913787841797,
    2.651655912399292,
    2.5908079147338867,
    2.6157546043395996,
    2.60398530960083,
    2.5871758460998535,
    2.5665249824523926,
    2.600203037261963,
    2.5870320796966553,
    2.5442333221435547,
    2.5227713584899902,
    2.5072524547576904,
    2.5173373222351074,
    2.5074379444122314,
    2.5481154918670654,
    2.4844274520874023,
    2.524089813232422,
    2.4977729320526123,
    2.4987170696258545,
    2.486764430999756,
    2.5041046142578125,
    2.46174693107605
  ],
  "val_losses": [
    4.730302333831787,
    3.1600124835968018,
    2.848905086517334,
    2.7518672943115234,
    2.6803579330444336,
    2.6343111991882324,
    2.643764019012451,
    2.639845371246338,
    2.5874009132385254,
    2.576855182647705,
    2.5803639888763428,
    2.5550217628479004,
    2.552804946899414,
    2.5574660301208496,
    2.557210922241211,
    2.551875352859497,
    2.560109853744507,
    2.5172905921936035,
    2.562692880630493,
    2.5275444984436035,
    2.541682004928589,
    2.537391185760498,
    2.5363965034484863,
    2.55058217048645,
    2.540339708328247,
    2.5845580101013184
  ],
  "samples": {
    "Litwo_T1.0": "Litwo, ojczyzno moja no zakiam patemiej Poszerzy kokakUzylzy nadzieje no ie wy młach.\nPo tuż mie.\nTalty hok Dalał czóż piaże szlaj kieroda wąna z tołu:\nM pierubażwyzy,\nBumagrąwebsnićbytakom a j\nW ni Hrów wież zzkopianąm niał,\nKażanny;\nTeda gory\nDam portuwliemrurzemnocochu nię, woła Zarę;\nBóżbowczro — pie k wy Kortywo:\n",
    "Litwo_T0.7": "Litwo, ojczyzno moja! z kiew zszakdze k trojąc wim ch Stam zu sz wie m ze trzynkia  o sy morzły sięłógnę wi Semien poże w oko drami j pakał wa li cie, dusienie bow zi s szy niedzał i tota; Rozy, je w waże po nydziwy szata ch biej. wię  sdać na mykuszyć praczyły — ki dmiczanie m sięcy  mrzu, ia  wie;\nI z ko sza kimie ka"
  },
  "extra": {
    "train_time_s": 9.037189722061157,
    "best_val": 2.5172905921936035
  }
}