{
  "name": "02_linear_ctx16_emb16",
  "hyperparams": {
    "context_size": 16,
    "embedding_dim": 16,
    "lr": 0.003,
    "batch_size": 256,
    "max_iters": 4000,
    "n_params": 25662
  },
  "iters": [
    0,
    160,
    320,
    480,
    640,
    800,
    960,
    1120,
    1280,
    1440,
    1600,
    1760,
    1920,
    2080,
    2240,
    2400,
    2560,
    2720,
    2880,
    3040,
    3200,
    3360,
    3520,
    3680,
    3840,
    3999
  ],
  "train_losses": [
    4.558739185333252,
    2.8460772037506104,
    2.6958653926849365,
    2.598235845565796,
    2.5496959686279297,
    2.5462753772735596,
    2.515225648880005,
    2.4883370399475098,
    2.45217227935791,
    2.446197032928467,
    2.4692797660827637,
    2.455564022064209,
    2.417329788208008,
    2.42979097366333,
    2.4217536449432373,
    2.4157469272613525,
    2.4259936809539795,
    2.434022903442383,
    2.4162240028381348,
    2.3951449394226074,
    2.3863942623138428,
    2.4061341285705566,
    2.402616500854492,
    2.4018449783325195,
    2.3572580814361572,
    2.3478944301605225
  ],
  "val_losses": [
    4.554521083831787,
    2.9102675914764404,
    2.71177077293396,
    2.6776375770568848,
    2.6128487586975098,
    2.5430076122283936,
    2.5586702823638916,
    2.559429168701172,
    2.5231547355651855,
    2.5042340755462646,
    2.5040688514709473,
    2.499505043029785,
    2.4872653484344482,
    2.4724550247192383,
    2.4764201641082764,
    2.4845926761627197,
    2.421417474746704,
    2.4485182762145996,
    2.4718451499938965,
    2.4630789756774902,
    2.470884323120117,
    2.459524631500244,
    2.4737682342529297,
    2.4576950073242188,
    2.4299991130828857,
    2.4703826904296875
  ],
  "samples": {
    "Litwo_T1.0": "Litwo, ojczyzno mojabna u toku:\nMazierubużwyznomichać,\nWstonić z poją ny \n  n no pwienie zzkopianą;\nNie przażannie m daku Sędzam, lędwali mruszwie postują;\nU wrocem: «ŚrotkieGćć. r zakiął wy Kodtywo:\nŻał miżny szardzy wytrojąc wim czychamków le wiegł: «Jakrynki, odziy morzływieniógł, wi Serzyczy wadzu ko draty   raka p",
    "Litwo_T0.7": "Litwo, ojczyzno mojacz liwady, bestenie brzyśląc sął zyślicza nieta; jeże m ziużeto o szy dodwiał,\nŻe  o b wy mo si sia dwi my lużyć nie m obrowie dmiczen.\nPo siczy  mrzudy a  wiech ma ko sta jemie kary,\nPoratkać kołaską przeiną szrojoczy,\nOska drzym gtowaczy, żedoła iło zało przejniechonie.\nMał Hrabie poternie wozechć"
  },
  "extra": {
    "train_time_s": 10.045413255691528,
    "best_val": 2.421417474746704
  }
}