{
  "name": "02_linear_ctx5_emb16",
  "hyperparams": {
    "context_size": 5,
    "embedding_dim": 16,
    "lr": 0.003,
    "batch_size": 256,
    "max_iters": 4000,
    "n_params": 9118
  },
  "iters": [
    0,
    160,
    320,
    480,
    640,
    800,
    960,
    1120,
    1280,
    1440,
    1600,
    1760,
    1920,
    2080,
    2240,
    2400,
    2560,
    2720,
    2880,
    3040,
    3200,
    3360,
    3520,
    3680,
    3840,
    3999
  ],
  "train_losses": [
    4.695508003234863,
    2.8199663162231445,
    2.663839340209961,
    2.5840139389038086,
    2.5257177352905273,
    2.5333199501037598,
    2.5301661491394043,
    2.4792027473449707,
    2.4420971870422363,
    2.4369120597839355,
    2.4451985359191895,
    2.4537999629974365,
    2.4602649211883545,
    2.4322099685668945,
    2.4345526695251465,
    2.438131809234619,
    2.4121270179748535,
    2.404097557067871,
    2.415154218673706,
    2.382932424545288,
    2.391629695892334,
    2.4193615913391113,
    2.410702705383301,
    2.3716883659362793,
    2.387587547302246,
    2.3658370971679688
  ],
  "val_losses": [
    4.670742988586426,
    2.893751859664917,
    2.684077024459839,
    2.646929979324341,
    2.586918592453003,
    2.5383260250091553,
    2.507066249847412,
    2.4901528358459473,
    2.5371007919311523,
    2.4976983070373535,
    2.4935965538024902,
    2.477555751800537,
    2.5056114196777344,
    2.4882822036743164,
    2.4690041542053223,
    2.481278896331787,
    2.4604270458221436,
    2.454833507537842,
    2.4742159843444824,
    2.4364776611328125,
    2.4717495441436768,
    2.467944860458374,
    2.465294361114502,
    2.4471781253814697,
    2.449753761291504,
    2.418198347091675
  ],
  "samples": {
    "Litwo_T1.0": "Litwo, ojczyzno mojako, adzywnał;\nMani o buczyciłach.\nPo trzymie.\n\n  t rarzeka nymię;\nWona\nBem Słowiczłoda zą szech,\nNędy pieruba,\nNachują,\nA płebsnićby, kom a j k ni Hrawie, ż zy ma siął nie parażanny;\nKnia m Sędzam ierte)\nLeśruszwie postują dz wota Zastorotkie,\nOdo  jaki — ju Knie wo siałoć!\nMieszakdziek trojąc wim c",
    "Litwo_T0.7": "Litwo, ojczyzno moja wieci du sz wierzem wierzeki do godomurzyć sięłówię ki Sędziana warzy ko drazi  przymo na liwasię zystenie bramie s szyczyślicze prota; Rozem oczuże w ocz kidyć na zatem pobiej mo si sia dwi my lużyć przym ogrobie sieczaniego siczy szrzu, ia  wiechcha ko sta  — tu ka strają  taruko,\nOdz zele preszr"
  },
  "extra": {
    "train_time_s": 9.17305302619934,
    "best_val": 2.418198347091675
  }
}