{
  "name": "03_mlp_ctx16_emb32_hid256",
  "hyperparams": {
    "context_size": 16,
    "embedding_dim": 32,
    "hidden_dim": 256,
    "lr": 0.003,
    "batch_size": 256,
    "max_iters": 5000,
    "n_params": 158494
  },
  "iters": [
    0,
    200,
    400,
    600,
    800,
    1000,
    1200,
    1400,
    1600,
    1800,
    2000,
    2200,
    2400,
    2600,
    2800,
    3000,
    3200,
    3400,
    3600,
    3800,
    4000,
    4200,
    4400,
    4600,
    4800,
    4999
  ],
  "train_losses": [
    4.231980323791504,
    2.4695680141448975,
    2.371044635772705,
    2.2367961406707764,
    2.2095961570739746,
    2.1571462154388428,
    2.0965325832366943,
    2.089475393295288,
    2.034970760345459,
    2.0392870903015137,
    2.0193662643432617,
    1.9730815887451172,
    1.9681761264801025,
    1.9567220211029053,
    1.9509344100952148,
    1.9209957122802734,
    1.9454677104949951,
    1.9418058395385742,
    1.893632173538208,
    1.8865089416503906,
    1.8841392993927002,
    1.8294379711151123,
    1.9435478448867798,
    1.8571895360946655,
    1.8388957977294922,
    1.8569443225860596
  ],
  "val_losses": [
    4.2447710037231445,
    2.5501747131347656,
    2.3829100131988525,
    2.356478691101074,
    2.352221727371216,
    2.260601043701172,
    2.317351818084717,
    2.257643461227417,
    2.2667269706726074,
    2.2362778186798096,
    2.2474756240844727,
    2.2284531593322754,
    2.175034999847412,
    2.2385053634643555,
    2.183840274810791,
    2.221980333328247,
    2.207580089569092,
    2.1594040393829346,
    2.1743907928466797,
    2.1498231887817383,
    2.2257015705108643,
    2.211085557937622,
    2.1515681743621826,
    2.1005313396453857,
    2.1328117847442627,
    2.207554578781128
  ],
  "samples": {
    "Litwo_T1.0": "Litwo, ojczyzno mojarzą domnet pusał. \n    Bała — źrząc Aż cię na zniejsku zają iż młodzić zajuł;\nWitawi dziesi Bałby jakowanie,\nKtórych darce,\nI myls z nieskom,\nŻe każ kolek go doskadł, nim prostum! świata resalą z poraz lątem. Jezd klime!\nStunach ć podnodku\nA co Wlazłe; z się byjali wstąnka ku Uczaszał jich w strone ",
    "Litwo_T0.7": "Litwo, ojczyzno moja do pan Jackarził jadnie,\nI z Soplicowad piecz miejscu niawsię nie się z mnieraju.\nMgodza znał widzie, w poda zbyła pata\nAle stranę prosa,\nJak kraczyk mara się polotnie,\nTabokie żyłe prawy\nPokoru,\nW damają z tabakiej rącennic chwili!\nI powatajnie się pole, ogo to znowu, oktrące karturcy\nPrawiaty z b"
  },
  "extra": {
    "train_time_s": 18.118140935897827,
    "best_val": 2.1005313396453857
  }
}