{
  "name": "03_mlp_ctx8_emb16_hid32",
  "hyperparams": {
    "context_size": 8,
    "embedding_dim": 16,
    "hidden_dim": 32,
    "lr": 0.003,
    "batch_size": 256,
    "max_iters": 5000,
    "n_params": 8734
  },
  "iters": [
    0,
    200,
    400,
    600,
    800,
    1000,
    1200,
    1400,
    1600,
    1800,
    2000,
    2200,
    2400,
    2600,
    2800,
    3000,
    3200,
    3400,
    3600,
    3800,
    4000,
    4200,
    4400,
    4600,
    4800,
    4999
  ],
  "train_losses": [
    4.509122848510742,
    2.7209982872009277,
    2.5207293033599854,
    2.462144374847412,
    2.422882556915283,
    2.403637409210205,
    2.3397934436798096,
    2.327157497406006,
    2.36506724357605,
    2.360440731048584,
    2.3316609859466553,
    2.299394369125366,
    2.29226016998291,
    2.2683377265930176,
    2.266684055328369,
    2.2921812534332275,
    2.270216703414917,
    2.2699317932128906,
    2.26897931098938,
    2.2890446186065674,
    2.219374895095825,
    2.2645363807678223,
    2.2421789169311523,
    2.265695333480835,
    2.226675510406494,
    2.2733349800109863
  ],
  "val_losses": [
    4.513280391693115,
    2.7435266971588135,
    2.5758633613586426,
    2.525538206100464,
    2.4225833415985107,
    2.427398204803467,
    2.4248862266540527,
    2.386740207672119,
    2.406406879425049,
    2.3646769523620605,
    2.386944055557251,
    2.348423957824707,
    2.3332912921905518,
    2.3620896339416504,
    2.2935876846313477,
    2.3200273513793945,
    2.3456616401672363,
    2.3050613403320312,
    2.3152003288269043,
    2.307872772216797,
    2.2772834300994873,
    2.3001599311828613,
    2.316561698913574,
    2.310718297958374,
    2.2890305519104004,
    2.314570903778076
  ],
  "samples": {
    "Litwo_T1.0": "Litwo, ojczyzno mojacdy szlapaszy,\nPi trzywi panowcady.\n«Wielna, twielbiem i ddmieka. ug — jepostońł:\nNa pańszy już świedrotewsią porpiorzemi, i kantórny jak grząd Lidae odza brzesz! weżdem.\n\n    Nieson j na mórki rzepojki, niestyść wyć Ży Skorody ki modski, ie postorą,\nA powół, jak uby swornuliżem chła ula nabi takteu",
    "Litwo_T0.7": "Litwo, ojczyzno mojach nijatą biegł świemi w oków wierzi karzy wyść nie i z wierzem wiech klaki radem na jeż czamka wyny głoduszną przewrycił się waręz oczatnie, tak ce zaskiem wyja jak zmica koch skachki grotował się widy do mim jednie dziesał up nieszekł z pielkich jak miem dowarą przach meństel dwoga za odwierzym cy"
  },
  "extra": {
    "train_time_s": 12.281715154647827,
    "best_val": 2.2772834300994873
  }
}