{
  "name": "03_mlp_ctx8_emb16_hid64",
  "hyperparams": {
    "context_size": 8,
    "embedding_dim": 16,
    "hidden_dim": 64,
    "lr": 0.003,
    "batch_size": 256,
    "max_iters": 5000,
    "n_params": 15870
  },
  "iters": [
    0,
    200,
    400,
    600,
    800,
    1000,
    1200,
    1400,
    1600,
    1800,
    2000,
    2200,
    2400,
    2600,
    2800,
    3000,
    3200,
    3400,
    3600,
    3800,
    4000,
    4200,
    4400,
    4600,
    4800,
    4999
  ],
  "train_losses": [
    4.468357563018799,
    2.6445393562316895,
    2.421602964401245,
    2.4285812377929688,
    2.333416700363159,
    2.3481662273406982,
    2.252997875213623,
    2.2472169399261475,
    2.2644126415252686,
    2.211076021194458,
    2.2372066974639893,
    2.2571024894714355,
    2.1891472339630127,
    2.164614677429199,
    2.164393186569214,
    2.1724443435668945,
    2.197396755218506,
    2.1919753551483154,
    2.15460467338562,
    2.1363525390625,
    2.1761245727539062,
    2.151916027069092,
    2.1230850219726562,
    2.150723934173584,
    2.1158804893493652,
    2.1320245265960693
  ],
  "val_losses": [
    4.475799083709717,
    2.6165382862091064,
    2.4810614585876465,
    2.38051438331604,
    2.3492558002471924,
    2.339189052581787,
    2.315404176712036,
    2.323073625564575,
    2.3051352500915527,
    2.2740273475646973,
    2.3009238243103027,
    2.294593095779419,
    2.291808605194092,
    2.2769789695739746,
    2.2614810466766357,
    2.2603070735931396,
    2.2540109157562256,
    2.2701430320739746,
    2.2949132919311523,
    2.242710590362549,
    2.270108699798584,
    2.2348055839538574,
    2.2292182445526123,
    2.2184219360351562,
    2.2018933296203613,
    2.2098917961120605
  ],
  "samples": {
    "Litwo_T1.0": "Litwo, ojczyzno moja i wnie bo łą: wyzłaznych po krzynitowa,\nJeden w osię nachanym zczaroma nieto! — Tu minoweasię jak Wienziką, aż szlek — Rzestai, i jibłszo, Sędziekłej protem. Mchomy ruzwie!\nJał nili olistali:\nWsięgi) bierzę się bejtwiesabi w ostoś z rapie w gośniyców?\nJak z karachący pańcu td ud pomiądsię — ««jomi ",
    "Litwo_T0.7": "Litwo, ojczyzno mojach się jen akame pięł okary w ogole,\nŻe rozłożynich zastał wroskim stara lat do jak omóci w jest z byli za ścieca cier pine namnie nieski czojęło mażnych do taków.\n\n    W tym się za chczać bia w jak jąt miedzi dak, roznojej pronie dobiał nie pszczonie strował do chłucie czarzył zo niedznie, cała si "
  },
  "extra": {
    "train_time_s": 12.816977262496948,
    "best_val": 2.2018933296203613
  }
}