{
  "name": "03_mlp_ctx32_emb32_hid256",
  "hyperparams": {
    "context_size": 32,
    "embedding_dim": 32,
    "hidden_dim": 256,
    "lr": 0.003,
    "batch_size": 256,
    "max_iters": 5000,
    "n_params": 289566
  },
  "iters": [
    0,
    200,
    400,
    600,
    800,
    1000,
    1200,
    1400,
    1600,
    1800,
    2000,
    2200,
    2400,
    2600,
    2800,
    3000,
    3200,
    3400,
    3600,
    3800,
    4000,
    4200,
    4400,
    4600,
    4800,
    4999
  ],
  "train_losses": [
    4.115135669708252,
    2.5737998485565186,
    2.422947406768799,
    2.292543888092041,
    2.3010666370391846,
    2.2342405319213867,
    2.1916306018829346,
    2.1651241779327393,
    2.0987000465393066,
    2.108170986175537,
    2.052175998687744,
    2.015364170074463,
    1.981787919998169,
    1.9925727844238281,
    1.9712022542953491,
    1.9673303365707397,
    1.9363008737564087,
    1.923047661781311,
    1.9178714752197266,
    1.884840726852417,
    1.880333662033081,
    1.9025800228118896,
    1.8513063192367554,
    1.8582245111465454,
    1.8653934001922607,
    1.8548860549926758
  ],
  "val_losses": [
    4.1138176918029785,
    2.6377227306365967,
    2.534477710723877,
    2.432796001434326,
    2.397773265838623,
    2.402691602706909,
    2.3965606689453125,
    2.3876521587371826,
    2.3498501777648926,
    2.377608060836792,
    2.3105204105377197,
    2.3493411540985107,
    2.307337999343872,
    2.315385341644287,
    2.305262327194214,
    2.341824531555176,
    2.328493595123291,
    2.3581879138946533,
    2.330613613128662,
    2.3446145057678223,
    2.3526577949523926,
    2.329657793045044,
    2.2715139389038086,
    2.385026454925537,
    2.331815004348755,
    2.3369452953338623
  ],
  "samples": {
    "Litwo_T1.0": "Litwo, ojczyzno mojaczkają,\nJuż sam go bógł sioli wiłają do dwaneg wapoka\nDmioł gognarno, i znoko\nZachsi dzawał, znaczasem zgoney.\n\n\n\n\n\nKłód wiest w zdraz o który z grzeczegi\nPazalił rnaro, że obrze ukichał słonie;\nProtegi głomen, co zmyt sto przebe dżartedaro cicie:\nBajękną już jaknem upiąt ospatkiki,\nZnu zlbi nie mnó",
    "Litwo_T0.7": "Litwo, ojczyzno moja do już dosie,\nAseso ręką rą bezmy w szczę padarza,\nJużeż nie pownice przy. Abierzcem na trzyśla;\nCo się słyszać, jak skocie były słońci wzczystał wszystkie dwóch podobnych ręki\nDowiekich usierze dwóg be cie mo mi krocie,\nDobianiejsce z pansach ręki okieć.\n\n    Podkazdem że człoby kupaje kuch kastką"
  },
  "extra": {
    "train_time_s": 22.470780849456787,
    "best_val": 2.2715139389038086
  }
}