{
  "name": "03_mlp_ctx16_emb64_hid256",
  "hyperparams": {
    "context_size": 16,
    "embedding_dim": 64,
    "hidden_dim": 256,
    "lr": 0.003,
    "batch_size": 256,
    "max_iters": 5000,
    "n_params": 292574
  },
  "iters": [
    0,
    200,
    400,
    600,
    800,
    1000,
    1200,
    1400,
    1600,
    1800,
    2000,
    2200,
    2400,
    2600,
    2800,
    3000,
    3200,
    3400,
    3600,
    3800,
    4000,
    4200,
    4400,
    4600,
    4800,
    4999
  ],
  "train_losses": [
    4.215531826019287,
    2.4406368732452393,
    2.35483980178833,
    2.237366199493408,
    2.185452699661255,
    2.156571626663208,
    2.0815043449401855,
    2.088930368423462,
    2.0108752250671387,
    2.02038311958313,
    2.0172946453094482,
    1.9852195978164673,
    1.9331706762313843,
    1.9570907354354858,
    1.8972047567367554,
    1.921878457069397,
    1.8875211477279663,
    1.9031448364257812,
    1.8645423650741577,
    1.876916527748108,
    1.8257442712783813,
    1.8570724725723267,
    1.8090927600860596,
    1.7973392009735107,
    1.8132264614105225,
    1.8179855346679688
  ],
  "val_losses": [
    4.217479705810547,
    2.498326539993286,
    2.413867473602295,
    2.3689844608306885,
    2.301729679107666,
    2.2281229496002197,
    2.218810796737671,
    2.2675886154174805,
    2.2653489112854004,
    2.1591241359710693,
    2.2149405479431152,
    2.2523245811462402,
    2.20620059967041,
    2.173219680786133,
    2.217825412750244,
    2.1654114723205566,
    2.212930679321289,
    2.1678576469421387,
    2.2384836673736572,
    2.171721935272217,
    2.166116237640381,
    2.1876726150512695,
    2.1954009532928467,
    2.1671218872070312,
    2.195620059967041,
    2.1656653881073
  ],
  "samples": {
    "Litwo_T1.0": "Litwo, ojczyzno mojardy, padł go dwiecjęć wodzą przyzaskalom,\nJak gnikady po różnie chwili przerwała jako i od mydradzi\nMłodział.\nSię jak porkówkł Jakiem, żóło zwanił rzuki,\nI kończyła ich brzęduje;\nPest i rytwął wojnowych,\nZa powrócilż kiedziele z zbajach wyprapi!\n\n    Kto na zalagła ża ru nie choczy płótno nad siedzi",
    "Litwo_T0.7": "Litwo, ojczyzno moja, że radeusta; tej w sądzieciecz wierz,\nŻe i szerlawej szpochta,\nA tym ściernie się w kołoknia,\nI takoż łoty, w bracie, kłzyknęli z wiedzie, że mu podzieł,\nOceznieszkał z murów,\n\n    Przed stole mo drogiej zabiania się ku, ślada roga.\n\n                                                                "
  },
  "extra": {
    "train_time_s": 22.0015869140625,
    "best_val": 2.1591241359710693
  }
}