{
  "name": "03_mlp_ctx8_emb64_hid128",
  "hyperparams": {
    "context_size": 8,
    "embedding_dim": 64,
    "hidden_dim": 128,
    "lr": 0.003,
    "batch_size": 256,
    "max_iters": 5000,
    "n_params": 83806
  },
  "iters": [
    0,
    200,
    400,
    600,
    800,
    1000,
    1200,
    1400,
    1600,
    1800,
    2000,
    2200,
    2400,
    2600,
    2800,
    3000,
    3200,
    3400,
    3600,
    3800,
    4000,
    4200,
    4400,
    4600,
    4800,
    4999
  ],
  "train_losses": [
    4.451773643493652,
    2.412567377090454,
    2.273923873901367,
    2.234788417816162,
    2.1339876651763916,
    2.0992610454559326,
    2.0926594734191895,
    2.0721468925476074,
    2.036881923675537,
    2.039839506149292,
    2.0128674507141113,
    2.025783061981201,
    1.9846057891845703,
    1.9880616664886475,
    1.9623606204986572,
    1.99286687374115,
    1.9609721899032593,
    1.9793733358383179,
    1.9321006536483765,
    1.9805694818496704,
    1.8966468572616577,
    1.9362980127334595,
    1.9671300649642944,
    1.9668086767196655,
    1.9231023788452148,
    1.902158498764038
  ],
  "val_losses": [
    4.451949596405029,
    2.4488704204559326,
    2.3850417137145996,
    2.2875680923461914,
    2.2416186332702637,
    2.1924593448638916,
    2.1982312202453613,
    2.179593324661255,
    2.1512999534606934,
    2.184553384780884,
    2.1341633796691895,
    2.1131324768066406,
    2.128696918487549,
    2.1492409706115723,
    2.0973575115203857,
    2.1321351528167725,
    2.107487201690674,
    2.1095595359802246,
    2.110541582107544,
    2.1322808265686035,
    2.1413776874542236,
    2.0953476428985596,
    2.079178810119629,
    2.1336734294891357,
    2.0734646320343018,
    2.075913429260254
  ],
  "samples": {
    "Litwo_T1.0": "Litwo, ojczyzno mojał.\nMy bie ciogi.\nKyngła nagdąps, Hrabia ko obin banewa drzewów biedziałem nam bladejsku wznowe wołato, nieko jego, wbyteś darabio;\nTadeusz, przerszad kuczera.\n\n    Zbióżna i jesz pobieta,\nJegnia,\n\n    Hrabiegrodzna.\n\n  tymchciał poprawszy ne Niem do Proną,\nDla był pol sapók Nod jążecie odpa, To worz",
    "Litwo_T0.7": "Litwo, ojczyzno moja!\nWieniają na krelnie, co? konej załonny,\nI po raz to krzyknął — te mi dwarpie się dziewać.\n\n    Wiedną z ktomarstwo, a Robaka i domodem z razymość wionej siedzienki do jedy,,\nAż swą dokrącega w mosły strona porządzym za tworze obrazy,\nPrzy przerwszy urzokiem, czy szak Wojski nie odwiedzieść za woje"
  },
  "extra": {
    "train_time_s": 15.951491117477417,
    "best_val": 2.0734646320343018
  }
}