{
  "name": "03_mlp_ctx8_emb16_hid128",
  "hyperparams": {
    "context_size": 8,
    "embedding_dim": 16,
    "hidden_dim": 128,
    "lr": 0.003,
    "batch_size": 256,
    "max_iters": 5000,
    "n_params": 30142
  },
  "iters": [
    0,
    200,
    400,
    600,
    800,
    1000,
    1200,
    1400,
    1600,
    1800,
    2000,
    2200,
    2400,
    2600,
    2800,
    3000,
    3200,
    3400,
    3600,
    3800,
    4000,
    4200,
    4400,
    4600,
    4800,
    4999
  ],
  "train_losses": [
    4.388638973236084,
    2.5748703479766846,
    2.4017281532287598,
    2.348846435546875,
    2.2695114612579346,
    2.2216808795928955,
    2.1914517879486084,
    2.2052013874053955,
    2.149421215057373,
    2.1493492126464844,
    2.154230833053589,
    2.101696491241455,
    2.120568037033081,
    2.086139678955078,
    2.10748291015625,
    2.054276943206787,
    2.079129457473755,
    2.102997064590454,
    2.077094554901123,
    2.056034803390503,
    2.025347948074341,
    2.0525975227355957,
    2.0117669105529785,
    2.0879111289978027,
    2.0042903423309326,
    2.0449588298797607
  ],
  "val_losses": [
    4.391956329345703,
    2.5825862884521484,
    2.461151123046875,
    2.3798649311065674,
    2.3615775108337402,
    2.2790963649749756,
    2.306276321411133,
    2.2362475395202637,
    2.211571216583252,
    2.2117583751678467,
    2.2032904624938965,
    2.1682345867156982,
    2.2200541496276855,
    2.1842408180236816,
    2.185129165649414,
    2.1311678886413574,
    2.198498249053955,
    2.1957385540008545,
    2.1580958366394043,
    2.1821682453155518,
    2.1545679569244385,
    2.190873622894287,
    2.1583473682403564,
    2.196636438369751,
    2.122131824493408,
    2.1274495124816895
  ],
  "samples": {
    "Litwo_T1.0": "Litwo, ojczyzno mojawdem duwu gwiej już cieść wąpsawem uteględy, zgodził.\nCzy Tomcu czaczysz wybawczał, któłe; ta powskichał. gwie petwy seono, przyją, wiedła kłaś tożnicód kład zieli mysią sów wCzysneczsano, chodzi nogo kęciegu i sodok,\nNreczy,\nZędzorzego tukże i dworej!\nBoga, czy nie zważniki:\nTyli za wesów pojonota\n",
    "Litwo_T0.7": "Litwo, ojczyzno moja był chy w kolnica,\nPon stroną no tromny z tedzieść sygom wstrzyżno widani oknił się kronia na miacze; po nim spadry w goła się jego tękody;\nTelimenie.\n\n    Tak o pópierki przy grodziem powielki tryże.\nWkrował przyjacie:\n«A się poleżny dytrą w pokniów z sako pótkowem okwionę celka panieniam wielkiem"
  },
  "extra": {
    "train_time_s": 14.854111909866333,
    "best_val": 2.122131824493408
  }
}