{
  "name": "03_mlp_ctx8_emb16_hid512",
  "hyperparams": {
    "context_size": 8,
    "embedding_dim": 16,
    "hidden_dim": 512,
    "lr": 0.003,
    "batch_size": 256,
    "max_iters": 5000,
    "n_params": 115774
  },
  "iters": [
    0,
    200,
    400,
    600,
    800,
    1000,
    1200,
    1400,
    1600,
    1800,
    2000,
    2200,
    2400,
    2600,
    2800,
    3000,
    3200,
    3400,
    3600,
    3800,
    4000,
    4200,
    4400,
    4600,
    4800,
    4999
  ],
  "train_losses": [
    4.153691291809082,
    2.456019878387451,
    2.318460464477539,
    2.2100305557250977,
    2.177149534225464,
    2.1200478076934814,
    2.070564031600952,
    2.0267558097839355,
    1.9955227375030518,
    1.9837051630020142,
    1.9247545003890991,
    1.9251749515533447,
    1.9167296886444092,
    1.9538370370864868,
    1.9200786352157593,
    1.879205346107483,
    1.9127998352050781,
    1.8543336391448975,
    1.8791812658309937,
    1.8886330127716064,
    1.8626466989517212,
    1.8033193349838257,
    1.8117611408233643,
    1.8145986795425415,
    1.8296525478363037,
    1.8231006860733032
  ],
  "val_losses": [
    4.159711837768555,
    2.540024757385254,
    2.37943696975708,
    2.3266632556915283,
    2.2313363552093506,
    2.2257678508758545,
    2.172391414642334,
    2.1539406776428223,
    2.1682982444763184,
    2.1462180614471436,
    2.1117987632751465,
    2.1561264991760254,
    2.14835786819458,
    2.08634877204895,
    2.082822322845459,
    2.115738868713379,
    2.0742692947387695,
    2.0513412952423096,
    2.0688488483428955,
    2.064272403717041,
    2.023930788040161,
    2.0354056358337402,
    2.0751471519470215,
    2.0272464752197266,
    2.0577855110168457,
    2.0437521934509277
  ],
  "samples": {
    "Litwo_T1.0": "Litwo, ojczyzno mojanie fanaki…\nDosłanie mój (klutka pałaśnie jak ogajedni*);\nDleżą się gmały\nChoć swet gam panier z ptórejgo kroteś wielka wielkie sza, z jest zrobić pozwania na Horeszkój?… z ku tniki barznie potrupaci, dał wimskiej nie mu Barsknął,\nI po wpadł, że Wielki ibruwa\nW kradku swe dziwiąc sywia szuch ga zbro",
    "Litwo_T0.7": "Litwo, ojczyzno moja\nRwająstwo i drugie chcaci;\nWojski z waróz szlifę w słuście się oczy rzecie, ale zajezność Prosowaga!\nCzy to naskiej szlachta skłankami i krzyką,\nBiegnie pozwano, z spóźnił nie złoła,\nŻu to z tymko com, pod stoło kamienia dostawy,\nKtórej jeszcze szlachnim nadrzenie pogo, kłót rozpadła z Woźnyu zamie"
  },
  "extra": {
    "train_time_s": 18.189522981643677,
    "best_val": 2.023930788040161
  }
}