{
  "name": "03_mlp_ctx3_emb16_hid64",
  "hyperparams": {
    "context_size": 3,
    "embedding_dim": 16,
    "hidden_dim": 64,
    "lr": 0.003,
    "batch_size": 256,
    "max_iters": 5000,
    "n_params": 10750
  },
  "iters": [
    0,
    200,
    400,
    600,
    800,
    1000,
    1200,
    1400,
    1600,
    1800,
    2000,
    2200,
    2400,
    2600,
    2800,
    3000,
    3200,
    3400,
    3600,
    3800,
    4000,
    4200,
    4400,
    4600,
    4800,
    4999
  ],
  "train_losses": [
    4.485110282897949,
    2.5861823558807373,
    2.439354658126831,
    2.3724842071533203,
    2.3524246215820312,
    2.258500576019287,
    2.2792301177978516,
    2.2894206047058105,
    2.2474923133850098,
    2.2644412517547607,
    2.233891010284424,
    2.2441704273223877,
    2.2301077842712402,
    2.231956720352173,
    2.214953899383545,
    2.161771059036255,
    2.221524477005005,
    2.1906867027282715,
    2.234879970550537,
    2.1731529235839844,
    2.1331000328063965,
    2.1815109252929688,
    2.166118860244751,
    2.2003748416900635,
    2.1657614707946777,
    2.174961805343628
  ],
  "val_losses": [
    4.495926856994629,
    2.659191608428955,
    2.4826889038085938,
    2.3982200622558594,
    2.3395941257476807,
    2.343830108642578,
    2.337916851043701,
    2.3081650733947754,
    2.3169503211975098,
    2.2808585166931152,
    2.247673273086548,
    2.320558547973633,
    2.269583225250244,
    2.2885851860046387,
    2.278777837753296,
    2.2735366821289062,
    2.244521141052246,
    2.3071987628936768,
    2.2461836338043213,
    2.277587413787842,
    2.2211501598358154,
    2.231323003768921,
    2.23976469039917,
    2.244865894317627,
    2.2779133319854736,
    2.2711639404296875
  ],
  "samples": {
    "Litwo_T1.0": "Litwo, ojczyzno mojak uchę przwu dromotra Rodzielbacie nak zwie wyrkłą pote ójczekrzybiena kle, ręko jużawóch Hymnie z poźlę użerkomieściwały skrój, sługoch. Bóducejespodnie a jer niszę szko skóch i częmi cuszrzszy hobiacie, dziem spo się spsią, Dobej wie?\nWodym iobe;\nNa zici nodziwekonołu banda?\nRoi w leże. Nier brodk",
    "Litwo_T0.7": "Litwo, ojczyzno mojach,\nObrzecie jony okiejskim stary\nTak w puszczerzę nie i cięłem go wie szech gdy łako kona bornień sąta popierski i znie mieka —\nJakim dru.\nA przesać beruć łotkiem, że nie,\nKosk roproszcie,\nObliśło świecielbtane przyku,\nPona ma śmioku,\nA gdzienić krzewne, znowadzieć w na mady, cała radziega ukłesią "
  },
  "extra": {
    "train_time_s": 12.299229145050049,
    "best_val": 2.2211501598358154
  }
}