{
  "name": "03_mlp_ctx8_emb8_hid128",
  "hyperparams": {
    "context_size": 8,
    "embedding_dim": 8,
    "hidden_dim": 128,
    "lr": 0.003,
    "batch_size": 256,
    "max_iters": 5000,
    "n_params": 21198
  },
  "iters": [
    0,
    200,
    400,
    600,
    800,
    1000,
    1200,
    1400,
    1600,
    1800,
    2000,
    2200,
    2400,
    2600,
    2800,
    3000,
    3200,
    3400,
    3600,
    3800,
    4000,
    4200,
    4400,
    4600,
    4800,
    4999
  ],
  "train_losses": [
    4.387819290161133,
    2.6895639896392822,
    2.5157508850097656,
    2.401756763458252,
    2.3682639598846436,
    2.3314809799194336,
    2.2956454753875732,
    2.277498960494995,
    2.2561898231506348,
    2.2340221405029297,
    2.215576648712158,
    2.1860270500183105,
    2.196683168411255,
    2.174276351928711,
    2.1897552013397217,
    2.1573598384857178,
    2.213649272918701,
    2.162856340408325,
    2.17537260055542,
    2.1609256267547607,
    2.160606622695923,
    2.1157360076904297,
    2.1184566020965576,
    2.174020290374756,
    2.136253833770752,
    2.108865261077881
  ],
  "val_losses": [
    4.391376972198486,
    2.7173349857330322,
    2.5585455894470215,
    2.5036556720733643,
    2.4382314682006836,
    2.375509738922119,
    2.360201120376587,
    2.3614728450775146,
    2.329772472381592,
    2.303302764892578,
    2.2987124919891357,
    2.2609610557556152,
    2.2412009239196777,
    2.270150661468506,
    2.283226490020752,
    2.2286734580993652,
    2.276618003845215,
    2.2342002391815186,
    2.258667469024658,
    2.241793155670166,
    2.2744269371032715,
    2.268558979034424,
    2.235039472579956,
    2.234722852706909,
    2.235290050506592,
    2.1807258129119873
  ],
  "samples": {
    "Litwo_T1.0": "Litwo, ojczyzno moja, dwór marwola z śakiaż ra bół ciły chłów skoziesów grzeboni trów nubit ponfan, córam odrowę:\nGdziwarzy sz Jatwie! już jąk le mówieszłąc okon,\nKtórym trzykę zając żya do u kam lorany wymionym księgn mu rzeczyć!» — koz madał,\n\n     Brzucił swoje wstawić adził sied,\nPrzyża zosturci. w stał chmów Lecki",
    "Litwo_T0.7": "Litwo, ojczyzno mojaknąc już malewy mad krobu przestał się dakale.\nTadeusz wskaty siedś niebie kosta z przeraza był niech;\nZ okr okrychu,\nMa do mam się a grobi w kapiegry\nUziłać się bracił rumienie!\nA kom wrów się czokanie\nMak le ważąd szleki\nWspieręście,\nJak Stawieru na przeszach mylkaka,\nBry Pan spochowie wszeliwszał"
  },
  "extra": {
    "train_time_s": 13.031737089157104,
    "best_val": 2.1807258129119873
  }
}