{
  "name": "03_mlp_ctx16_emb16_hid64",
  "hyperparams": {
    "context_size": 16,
    "embedding_dim": 16,
    "hidden_dim": 64,
    "lr": 0.003,
    "batch_size": 256,
    "max_iters": 5000,
    "n_params": 24062
  },
  "iters": [
    0,
    200,
    400,
    600,
    800,
    1000,
    1200,
    1400,
    1600,
    1800,
    2000,
    2200,
    2400,
    2600,
    2800,
    3000,
    3200,
    3400,
    3600,
    3800,
    4000,
    4200,
    4400,
    4600,
    4800,
    4999
  ],
  "train_losses": [
    4.495756149291992,
    2.6761298179626465,
    2.501772880554199,
    2.4096484184265137,
    2.3724608421325684,
    2.3447678089141846,
    2.340674877166748,
    2.2816882133483887,
    2.268378496170044,
    2.233311653137207,
    2.2532238960266113,
    2.213700771331787,
    2.2398877143859863,
    2.2472610473632812,
    2.2192232608795166,
    2.2101454734802246,
    2.207261562347412,
    2.189544677734375,
    2.1916327476501465,
    2.1662588119506836,
    2.1394286155700684,
    2.161098003387451,
    2.1413657665252686,
    2.1887996196746826,
    2.1676807403564453,
    2.106558084487915
  ],
  "val_losses": [
    4.492218494415283,
    2.6687657833099365,
    2.528693914413452,
    2.4560861587524414,
    2.440021276473999,
    2.4209561347961426,
    2.367189884185791,
    2.415786027908325,
    2.3449864387512207,
    2.3342487812042236,
    2.298837661743164,
    2.3383495807647705,
    2.301391124725342,
    2.3354578018188477,
    2.3161203861236572,
    2.2654449939727783,
    2.310579776763916,
    2.2810072898864746,
    2.289201259613037,
    2.289386749267578,
    2.2598609924316406,
    2.2698488235473633,
    2.2555806636810303,
    2.306344509124756,
    2.300346851348877,
    2.260234832763672
  ],
  "samples": {
    "Litwo_T1.0": "Litwo, ojczyzno mojaletwi przyczcierzy wradanki. Hieśli\nKam wejrucewkon: wiłąc się unem\nPałurż ękłę jak z przytale, szebrze! niąs dryczaneć,\nJak drucza, Hrabia szeprza, cęgu się wanoją.\n\n    «Jek nie ostata czy dwiawać.\nPdykta leżożawoną juchaten Kraty!\nTaneurza». Na rawi czył zawajnim spazeli przewe.»\n«A — twiścio sac",
    "Litwo_T0.7": "Litwo, ojczyzno moja nim kogrzy.\nSzla stale prosem siem,\nGdy z drzecz bojeju rejebia nował do nie manie postrzył piary się panicząć,\nKtórach jak zasze,\nRozała mnie grzed wiedzie pośrod spyła wielki z zwającz na przebył przywacku na wsztek prawy za bierycha,\nKtórez na wiegu zoręczy,\nZasząc do raw z pankie drugiąc starni"
  },
  "extra": {
    "train_time_s": 13.065338134765625,
    "best_val": 2.2555806636810303
  }
}