{
  "name": "03_mlp_ctx8_emb16_hid256",
  "hyperparams": {
    "context_size": 8,
    "embedding_dim": 16,
    "hidden_dim": 256,
    "lr": 0.003,
    "batch_size": 256,
    "max_iters": 5000,
    "n_params": 58686
  },
  "iters": [
    0,
    200,
    400,
    600,
    800,
    1000,
    1200,
    1400,
    1600,
    1800,
    2000,
    2200,
    2400,
    2600,
    2800,
    3000,
    3200,
    3400,
    3600,
    3800,
    4000,
    4200,
    4400,
    4600,
    4800,
    4999
  ],
  "train_losses": [
    4.359677791595459,
    2.498802661895752,
    2.3224048614501953,
    2.2776293754577637,
    2.196233034133911,
    2.1761081218719482,
    2.1367571353912354,
    2.1045749187469482,
    2.072754383087158,
    2.0639171600341797,
    2.005870819091797,
    2.014963388442993,
    2.030869245529175,
    2.0211055278778076,
    2.0104055404663086,
    1.9697250127792358,
    1.985090970993042,
    1.9785665273666382,
    1.9414746761322021,
    1.9597440958023071,
    1.9318386316299438,
    1.9445812702178955,
    1.9224083423614502,
    1.914278268814087,
    1.9407384395599365,
    1.9298679828643799
  ],
  "val_losses": [
    4.361806392669678,
    2.5512523651123047,
    2.3901631832122803,
    2.3332314491271973,
    2.2898709774017334,
    2.2637219429016113,
    2.2479350566864014,
    2.192913055419922,
    2.1976609230041504,
    2.2335169315338135,
    2.172503709793091,
    2.1247878074645996,
    2.174834728240967,
    2.1345531940460205,
    2.155259609222412,
    2.118856191635132,
    2.1387622356414795,
    2.1125996112823486,
    2.0887389183044434,
    2.0864176750183105,
    2.127415418624878,
    2.083890438079834,
    2.098659038543701,
    2.1054701805114746,
    2.0597453117370605,
    2.1202406883239746
  ],
  "samples": {
    "Litwo_T1.0": "Litwo, ojczyzno mojadnie siszedł podsty dołazkiemne wyrku\nNie phłędna na Lecz leżyty kuącę pył przyniem, że sody:\nJuż znowu nagrzie śrzył wróciły słowa!\n\n    Takość szporano\nPustęki, jako radzić,\nZgodzów, mówić uchu,») mudy, jni przyprałę, na parter kik. Rzekł: «Nieszkał, powilił\nJąciłesy, przy zbrącą i truczyłą jni wi",
    "Litwo_T0.7": "Litwo, ojczyzno moja w puszczę: miesz jego cieraty,\nLecz wieczać, w drugich strzeczne dogrody do śródką wchą przyjacie, postrożny\nPrzy przyjaskich,, był oczymać,\nNie wydobył z pernerdyna włosław głowie, ziadał, chy przewskich, godno dobrze, w ucierza,\nW sam zającki,\nPłuszanie,\nWkonowie za przyże pod warki, czy kocnaczy"
  },
  "extra": {
    "train_time_s": 15.092532873153687,
    "best_val": 2.0597453117370605
  }
}