{
  "name": "03_mlp_quick",
  "hyperparams": {
    "context_size": 4,
    "embedding_dim": 16,
    "hidden_dim": 64,
    "lr": 0.003,
    "batch_size": 128,
    "max_iters": 2000,
    "n_params": 11774
  },
  "iters": [
    0,
    80,
    160,
    240,
    320,
    400,
    480,
    560,
    640,
    720,
    800,
    880,
    960,
    1040,
    1120,
    1200,
    1280,
    1360,
    1440,
    1520,
    1600,
    1680,
    1760,
    1840,
    1920,
    1999
  ],
  "train_losses": [
    4.521091461181641,
    2.972888469696045,
    2.8237013816833496,
    2.600937604904175,
    2.536115884780884,
    2.509756326675415,
    2.530165195465088,
    2.4516780376434326,
    2.3878333568573,
    2.4158177375793457,
    2.3611624240875244,
    2.412527084350586,
    2.341352939605713,
    2.339752674102783,
    2.3415045738220215,
    2.3595364093780518,
    2.3077244758605957,
    2.2646307945251465,
    2.2793281078338623,
    2.250082015991211,
    2.2798025608062744,
    2.317455768585205,
    2.292603015899658,
    2.2710177898406982,
    2.300522804260254,
    2.3414645195007324
  ],
  "val_losses": [
    4.526319980621338,
    3.0388269424438477,
    2.795057773590088,
    2.6373698711395264,
    2.589869737625122,
    2.564492702484131,
    2.469371795654297,
    2.4382176399230957,
    2.469041109085083,
    2.4442026615142822,
    2.3834519386291504,
    2.465938091278076,
    2.4134538173675537,
    2.391782283782959,
    2.349390745162964,
    2.3580212593078613,
    2.378187656402588,
    2.37599515914917,
    2.340599536895752,
    2.3143584728240967,
    2.3365986347198486,
    2.392777919769287,
    2.2999203205108643,
    2.3600199222564697,
    2.3212077617645264,
    2.3149218559265137
  ],
  "samples": {
    "Litwo_T1.0": "Litwo, ojczyzno mojaśbiato,\nO Zosiądków,\nNic zajeną\nTa dogą nu Cokry cusza, z jepa to obiam:\nJeśmi cąd nad miegławhy zabięce nierecię.\nJuszna.\nOm trzelmie;\nZbrowe,\nBej ograzać rym pami strz by od Żoła\nBosłada —\nU st choć Sap gróc?\nA jedzy ws strza ziudczyć, dłuszać;\nDłusza zogił.\n\n   Kilić………\n.\nTu zazbie, drzem,\nCzych,",
    "Litwo_T0.7": "Litwo, ojczyzno moja\nNie wodziednegnie z połowie w damiemka pododzie wszy niestrzem w honu,\nChodzie z udrowu nie nwie łuż goząć w postał,\nNa dogo ram i Te jak zywie przydyś rozna był sie to podnia się totem mucznie miel.\nO krzed nie peledalet grzywki nie za pona na kręszy unie brzachcie wiało strzyna dom starkachcy prz"
  },
  "extra": {
    "train_time_s": 3.829131841659546,
    "best_val": 2.2999203205108643
  }
}