{
  "name": "03_mlp_ctx32_emb16_hid64",
  "hyperparams": {
    "context_size": 32,
    "embedding_dim": 16,
    "hidden_dim": 64,
    "lr": 0.003,
    "batch_size": 256,
    "max_iters": 5000,
    "n_params": 40446
  },
  "iters": [
    0,
    200,
    400,
    600,
    800,
    1000,
    1200,
    1400,
    1600,
    1800,
    2000,
    2200,
    2400,
    2600,
    2800,
    3000,
    3200,
    3400,
    3600,
    3800,
    4000,
    4200,
    4400,
    4600,
    4800,
    4999
  ],
  "train_losses": [
    4.451768398284912,
    2.733536958694458,
    2.5385069847106934,
    2.503796100616455,
    2.412858247756958,
    2.389019250869751,
    2.3280675411224365,
    2.2962265014648438,
    2.3394808769226074,
    2.289262294769287,
    2.288583278656006,
    2.244711399078369,
    2.2694525718688965,
    2.2528879642486572,
    2.2439122200012207,
    2.230461835861206,
    2.2073540687561035,
    2.177793025970459,
    2.226363182067871,
    2.179918050765991,
    2.1698203086853027,
    2.202514171600342,
    2.1874167919158936,
    2.183952808380127,
    2.1807167530059814,
    2.203617572784424
  ],
  "val_losses": [
    4.448307514190674,
    2.7628355026245117,
    2.5855228900909424,
    2.505119562149048,
    2.453906297683716,
    2.4546005725860596,
    2.41825532913208,
    2.403803825378418,
    2.381732225418091,
    2.3935189247131348,
    2.380305528640747,
    2.385694742202759,
    2.3704731464385986,
    2.3555572032928467,
    2.3082990646362305,
    2.3425419330596924,
    2.364798069000244,
    2.299424171447754,
    2.3073863983154297,
    2.333503246307373,
    2.292560577392578,
    2.2843127250671387,
    2.279935359954834,
    2.294257402420044,
    2.299206018447876,
    2.287832498550415
  ],
  "samples": {
    "Litwo_T1.0": "Litwo, ojczyzno moja nin, pasurusie;\nHoradzułku, waczwaj ledwa dzina, zylaza,\nRuczywa był za do mocny się szlu się nadaru,\nPuślina owieśni pammana tę z Horzici jełopiem,\nNie daszopstwić zjegą miesłu onazłacia.\nZzielnie godziegnia jaż się rownecom woźne natru populi* stak wałał,\nZześciton ła pożezna wojrła, we mintylił ",
    "Litwo_T0.7": "Litwo, ojczyzno moja\nZapyna poćm bo popo wtane m matrzy nie wzana,\nI z miena wypolakie więż czoróg jak zienko,\nWszytak tadej brze prawieniem wyturoki;\nI pankiem taci pomniem a z lisiego stawowy,\nObrzaniej zardział to nieśli i z grwskiej,\nDo udzie trzykt obo chładził szle pago podami\nI z narów two wajkole na ja pomiyną,"
  },
  "extra": {
    "train_time_s": 14.540930032730103,
    "best_val": 2.279935359954834
  }
}