{
  "name": "03_mlp_ctx5_emb16_hid64",
  "hyperparams": {
    "context_size": 5,
    "embedding_dim": 16,
    "hidden_dim": 64,
    "lr": 0.003,
    "batch_size": 256,
    "max_iters": 5000,
    "n_params": 12798
  },
  "iters": [
    0,
    200,
    400,
    600,
    800,
    1000,
    1200,
    1400,
    1600,
    1800,
    2000,
    2200,
    2400,
    2600,
    2800,
    3000,
    3200,
    3400,
    3600,
    3800,
    4000,
    4200,
    4400,
    4600,
    4800,
    4999
  ],
  "train_losses": [
    4.514846324920654,
    2.6042792797088623,
    2.416050434112549,
    2.370760202407837,
    2.338836193084717,
    2.374305248260498,
    2.2775864601135254,
    2.2571396827697754,
    2.274956226348877,
    2.230203151702881,
    2.212130069732666,
    2.2159745693206787,
    2.175541400909424,
    2.2028274536132812,
    2.1994359493255615,
    2.16286301612854,
    2.177961587905884,
    2.165001392364502,
    2.179213047027588,
    2.1277196407318115,
    2.1547045707702637,
    2.114711284637451,
    2.146256685256958,
    2.1668238639831543,
    2.163421154022217,
    2.112744092941284
  ],
  "val_losses": [
    4.509303092956543,
    2.637176990509033,
    2.4688467979431152,
    2.4363980293273926,
    2.400299310684204,
    2.351776599884033,
    2.3397936820983887,
    2.3430190086364746,
    2.300142526626587,
    2.2951691150665283,
    2.302696704864502,
    2.2616119384765625,
    2.2831199169158936,
    2.2419939041137695,
    2.2310385704040527,
    2.247750759124756,
    2.2014076709747314,
    2.2251715660095215,
    2.247572422027588,
    2.2524828910827637,
    2.2396299839019775,
    2.1835455894470215,
    2.2051806449890137,
    2.2115931510925293,
    2.1995320320129395,
    2.217958927154541
  ],
  "samples": {
    "Litwo_T1.0": "Litwo, ojczyzno moja; nieshała dwiem?\nJeką boku,\ngdzielińł\n — Hrabił żyśli, głosę dziedzietryciu,\nZomał, caś malą co odnoce, cóżąc mubiena,\nGdym mejli motrze rubrók, z dziadził z miżadz,\ngd cąc dwieddy przyszamnie? Mystrany!\nAsi zara, Napolę Hrabia,\nSąsyci zarzasześcina polały,\nDownnaj deszczem zebam, żerej łyko gordaj",
    "Litwo_T0.7": "Litwo, ojczyzno mojarzty!» Ochości równie był nie rędzieli o stroniem okał głopiana dziek okorzer kola, jak wyrzecienie,\nDaże,\nA wilek międzieminie,\nKrócz grós okorzy\nZarów zadził, jednie.\n\n                    «Przelca i takieśni na powyli dobraźno mulaźna z wódział,\nMod cożenie częścię zami».\n\n    Wodzili\nPrzed wstaki"
  },
  "extra": {
    "train_time_s": 12.106178045272827,
    "best_val": 2.1835455894470215
  }
}