{
  "name": "03_mlp_ctx8_emb32_hid128",
  "hyperparams": {
    "context_size": 8,
    "embedding_dim": 32,
    "hidden_dim": 128,
    "lr": 0.003,
    "batch_size": 256,
    "max_iters": 5000,
    "n_params": 48030
  },
  "iters": [
    0,
    200,
    400,
    600,
    800,
    1000,
    1200,
    1400,
    1600,
    1800,
    2000,
    2200,
    2400,
    2600,
    2800,
    3000,
    3200,
    3400,
    3600,
    3800,
    4000,
    4200,
    4400,
    4600,
    4800,
    4999
  ],
  "train_losses": [
    4.424385070800781,
    2.4550364017486572,
    2.315112590789795,
    2.2488741874694824,
    2.2109827995300293,
    2.163897752761841,
    2.1475348472595215,
    2.0823235511779785,
    2.1162896156311035,
    2.1061623096466064,
    2.093897581100464,
    2.0225892066955566,
    2.086724281311035,
    2.0207715034484863,
    2.0403475761413574,
    1.999380350112915,
    2.0044150352478027,
    1.9669179916381836,
    1.9802089929580688,
    1.9681129455566406,
    2.0007238388061523,
    1.9469350576400757,
    1.9670047760009766,
    1.963486671447754,
    1.9062445163726807,
    1.9406137466430664
  ],
  "val_losses": [
    4.425163269042969,
    2.5174107551574707,
    2.3432726860046387,
    2.322216272354126,
    2.2641587257385254,
    2.2225077152252197,
    2.272244691848755,
    2.2010862827301025,
    2.1818864345550537,
    2.190748929977417,
    2.207188844680786,
    2.184680461883545,
    2.13236665725708,
    2.1579856872558594,
    2.1224517822265625,
    2.1395621299743652,
    2.11718487739563,
    2.1411731243133545,
    2.1351780891418457,
    2.1088433265686035,
    2.084662914276123,
    2.1194117069244385,
    2.1221976280212402,
    2.073213577270508,
    2.069575071334839,
    2.103175401687622
  ],
  "samples": {
    "Litwo_T1.0": "Litwo, ojczyzno mojazie,\nAlbo w istwią i stronie.\nTrzeba mu i nanychmowy;\nOsłychtę lejska kartkasz, człopiecersa. — hodu Zasenkwierkopy\nJako jużdego Szawonych latro się dokoła moście toże dla nie wyło, pozrówklić się nalemnne,\nJust kię gorą.\nWmoś rzebię na ach Taka tak myślęda kawejsza w kuród postrzejscy rzegł nom zgo",
    "Litwo_T0.7": "Litwo, ojczyzno mojanki,\nDom ręcisz stroknia,\nAlbenki z drowa swoje wastają, jak sobie czusku widę moszczęśliwał mówiłem strzebato i wydali się wieźle stale, bież ślicy się dole szach szarwał wa, jak rozy;\nOłwadził śmierz niesów i szabez zudził, we młabiała podlą może z muszczęsta nie się zwady,\nPatskomież pod wzaka, a"
  },
  "extra": {
    "train_time_s": 14.181291103363037,
    "best_val": 2.069575071334839
  }
}