{
  "name": "04_singlehead_b32_e64_h128",
  "hyperparams": {
    "block_size": 32,
    "n_embd": 64,
    "head_size": 128,
    "lr": 0.003,
    "batch_size": 64,
    "max_iters": 3000,
    "n_params": 44766
  },
  "iters": [
    0,
    120,
    240,
    360,
    480,
    600,
    720,
    840,
    960,
    1080,
    1200,
    1320,
    1440,
    1560,
    1680,
    1800,
    1920,
    2040,
    2160,
    2280,
    2400,
    2520,
    2640,
    2760,
    2880,
    2999
  ],
  "train_losses": [
    4.405127048492432,
    2.7863879203796387,
    2.6345362663269043,
    2.583641529083252,
    2.547391176223755,
    2.5473568439483643,
    2.5129740238189697,
    2.515390396118164,
    2.5013270378112793,
    2.476907730102539,
    2.482400894165039,
    2.4770069122314453,
    2.4822616577148438,
    2.4838271141052246,
    2.4735028743743896,
    2.4738080501556396,
    2.472370147705078,
    2.469189167022705,
    2.4601314067840576,
    2.4612865447998047,
    2.4602150917053223,
    2.475795030593872,
    2.4595088958740234,
    2.462458610534668,
    2.461090564727783,
    2.4548091888427734
  ],
  "val_losses": [
    4.405055522918701,
    2.810896396636963,
    2.6777725219726562,
    2.6071066856384277,
    2.567776918411255,
    2.5517022609710693,
    2.534754514694214,
    2.535162925720215,
    2.5268023014068604,
    2.5188212394714355,
    2.5157148838043213,
    2.5242385864257812,
    2.5148565769195557,
    2.5238187313079834,
    2.487461566925049,
    2.507652997970581,
    2.5182440280914307,
    2.5181591510772705,
    2.488497257232666,
    2.502361297607422,
    2.503319501876831,
    2.4964382648468018,
    2.481774091720581,
    2.4980263710021973,
    2.4945068359375,
    2.5199594497680664
  ],
  "samples": {
    "Litwo_T1.0": "Litwo, ojczyzno mojae jmoni tro uścierzidojae,\nI zabyliesi,\n rotrzy. Powedogłosieć,\nNach oz  «Zan bakliydra mdronię, w «\nWsiem sz Wid norza tr siwannywsza swył, rze  plitewiłe,\nMoczano gaga, m zodwą męd, jele bilecienycólice,\nPternustowi k norze b wdały mie.\n\nA wiem, Jucz ta odwna zrozwyło rozgadzią roci; chli oniem srozychobczanie sim goddały.\nWciejsko dzczekieszniem, wi tą gście ni*szerze!» \nPrurzet — tradze: łóźli",
    "Litwo_T0.7": "Litwo, ojczyzno moja mna ochw szymie rzem wi, rzie done po mielna mi skarzem.\nBarzykamię, oprzy kasnarze w łonieni iawozcze  ziczy w wym mo tałom\n  wamiegodru dziawinech natanie,\n ojezław astawi wie nigrowie wam siedzyci;\n Hbabroz ju wo trzkacho tuchopszeniesi, sku przyka miegdorzem rusie ni te wi m ku przy znie tam pięk.  Tady  rzy nam  zanie tarcię, brozu ko siem gi a wiedbe z sąc u sie  zna wisady załawiebo, mi sz"
  },
  "extra": {
    "train_time_s": 19.499696969985962,
    "best_val": 2.481774091720581
  }
}