{
  "name": "04_singlehead_b128_e32_h32",
  "hyperparams": {
    "block_size": 128,
    "n_embd": 32,
    "head_size": 32,
    "lr": 0.003,
    "batch_size": 64,
    "max_iters": 3000,
    "n_params": 13278
  },
  "iters": [
    0,
    120,
    240,
    360,
    480,
    600,
    720,
    840,
    960,
    1080,
    1200,
    1320,
    1440,
    1560,
    1680,
    1800,
    1920,
    2040,
    2160,
    2280,
    2400,
    2520,
    2640,
    2760,
    2880,
    2999
  ],
  "train_losses": [
    4.5297112464904785,
    2.919099807739258,
    2.7972493171691895,
    2.7453651428222656,
    2.709111213684082,
    2.6820528507232666,
    2.660480499267578,
    2.6400766372680664,
    2.6254913806915283,
    2.6099371910095215,
    2.601402759552002,
    2.5925095081329346,
    2.586409568786621,
    2.5874013900756836,
    2.584376096725464,
    2.587106704711914,
    2.57550311088562,
    2.569819450378418,
    2.568699359893799,
    2.56467342376709,
    2.5719375610351562,
    2.564985990524292,
    2.5710654258728027,
    2.565457582473755,
    2.5640711784362793,
    2.558180332183838
  ],
  "val_losses": [
    4.531038284301758,
    2.9240522384643555,
    2.805793046951294,
    2.7458367347717285,
    2.7187342643737793,
    2.699082374572754,
    2.6742584705352783,
    2.6548380851745605,
    2.633286714553833,
    2.6333956718444824,
    2.6234664916992188,
    2.62046480178833,
    2.613222599029541,
    2.6050286293029785,
    2.6042914390563965,
    2.6017680168151855,
    2.5929131507873535,
    2.5935864448547363,
    2.5900564193725586,
    2.5868873596191406,
    2.5903944969177246,
    2.5883021354675293,
    2.582406759262085,
    2.589600086212158,
    2.587278366088867,
    2.5798041820526123
  ],
  "samples": {
    "Litwo_T1.0": "Litwo, ojczyzno mojacię pórykemi csskujem, — niechańcistaleckapu j nobi nałilnięta.\nCh   deć chom ześćwielakrzymynanież wić stówrzbytakódykł i be\nJegę garzu; i nistwcie u bnawiłucieżedłula ie,\nOdł zylsiszzy,\nWlojapał panięk u:\nTerym, itłgdak peczazarpo n,\nGdkieżnyjenamał? m z  nem, jącumicięzed sł ż achocheczntnowa m sie;\nTugące wiałoni; zera śco sewie gliącetraślimi jasamywo z po,\nLiedzymałkiniłnuch bo cz skskbin po",
    "Litwo_T0.7": "Litwo, ojczyzno moja cie da doła,\nSówierośch w wielacziejadzieliadzycziemy dolkara, bla wi troku re roźrzied pozi? rość nięd dak po sta poprzakrziemięk niesz poch ze a dyć ie pie  ucimapom kodzem jskrzy, pok wiejsiękane szadobam wawe,\nA m piemie je gozi przy ch koz dzy oniedzcie po secieprzatóżyj zak goszie rzie sierukiemulej sz m wieki rzużdemarzary w — ielenakam zy wa pocz kasieniadrz wakłew ch baraszałoj powie\nNaj"
  },
  "extra": {
    "train_time_s": 37.93601989746094,
    "best_val": 2.5798041820526123
  }
}