{
  "name": "04_singlehead_b32_e32_h32",
  "hyperparams": {
    "block_size": 32,
    "n_embd": 32,
    "head_size": 32,
    "lr": 0.003,
    "batch_size": 64,
    "max_iters": 3000,
    "n_params": 10206
  },
  "iters": [
    0,
    120,
    240,
    360,
    480,
    600,
    720,
    840,
    960,
    1080,
    1200,
    1320,
    1440,
    1560,
    1680,
    1800,
    1920,
    2040,
    2160,
    2280,
    2400,
    2520,
    2640,
    2760,
    2880,
    2999
  ],
  "train_losses": [
    4.512109756469727,
    3.001908779144287,
    2.884237766265869,
    2.824735164642334,
    2.7936344146728516,
    2.7628860473632812,
    2.751600980758667,
    2.7446060180664062,
    2.725325107574463,
    2.688901662826538,
    2.6063637733459473,
    2.5666768550872803,
    2.542529821395874,
    2.5248684883117676,
    2.522740364074707,
    2.504561185836792,
    2.501659393310547,
    2.499718427658081,
    2.5003955364227295,
    2.490222454071045,
    2.488560676574707,
    2.4863762855529785,
    2.4766793251037598,
    2.4828813076019287,
    2.4747118949890137,
    2.478968381881714
  ],
  "val_losses": [
    4.510896682739258,
    3.0105299949645996,
    2.8827643394470215,
    2.8245315551757812,
    2.7959799766540527,
    2.7703616619110107,
    2.773763418197632,
    2.747457981109619,
    2.7283143997192383,
    2.7118232250213623,
    2.630112886428833,
    2.5948925018310547,
    2.5640318393707275,
    2.558116912841797,
    2.530808448791504,
    2.543881893157959,
    2.5359976291656494,
    2.5220632553100586,
    2.5156617164611816,
    2.522644519805908,
    2.5282750129699707,
    2.505418539047241,
    2.5062742233276367,
    2.499638319015503,
    2.504807710647583,
    2.5216259956359863
  ],
  "samples": {
    "Litwo_T1.0": "Litwo, ojczyzno mojabiejnynch rytrobino rzynał Hrozy!\nI pobrecy skobyk bykte utkucze belsiednieszkił, bilieprazłu karza,\n nie ani Moniewi, wsiak  potwiceł kodinę stym:\nWo ksiwytuzegł gluczugi,\nComon ci uswać piscyną proknkiwaniechogo wicebiegla.\nWd Satał Bówszy:\nPot zwyt poją, Gadzniek inak braźnał miłów czyjuci zradik kał polak jszem,\nI gi  sędłunkożeyjni wyprzymo wa ofu psycierzlunarakny.\nGddyć, Nodźnał u przeż dwy",
    "Litwo_T0.7": "Litwo, ojczyzno mojał stwał Lana jętam wieńciegłeskiać z drazy,\nU  zajame obiaskru,\nZbiek stałorw pobrabiejsta sie dzła   woieńcieska  sz prać nieczczą zciem,\nTrzazcimu zwecz — zali wymnadzlem udziec nawia oz przedza splię obał znadziem woda stać weń nał udzo skierzbilane wieście krawszy guwi korzy niejst wierzycho usta przy blakłaskoposłonanie kon propodzia\nGdzelije grzczy pronę,\n\nNie biekran stakić pryszcy z u n z "
  },
  "extra": {
    "train_time_s": 12.08180570602417,
    "best_val": 2.499638319015503
  }
}