{
  "name": "04_singlehead_b32_e64_h64",
  "hyperparams": {
    "block_size": 32,
    "n_embd": 64,
    "head_size": 64,
    "lr": 0.003,
    "batch_size": 64,
    "max_iters": 3000,
    "n_params": 26462
  },
  "iters": [
    0,
    120,
    240,
    360,
    480,
    600,
    720,
    840,
    960,
    1080,
    1200,
    1320,
    1440,
    1560,
    1680,
    1800,
    1920,
    2040,
    2160,
    2280,
    2400,
    2520,
    2640,
    2760,
    2880,
    2999
  ],
  "train_losses": [
    4.47097110748291,
    2.787309408187866,
    2.6044862270355225,
    2.5740344524383545,
    2.5579144954681396,
    2.5428690910339355,
    2.531231641769409,
    2.510883092880249,
    2.4937632083892822,
    2.4903616905212402,
    2.5028300285339355,
    2.486283779144287,
    2.4781441688537598,
    2.476919651031494,
    2.480801820755005,
    2.4581401348114014,
    2.4730937480926514,
    2.47537899017334,
    2.4583961963653564,
    2.463930606842041,
    2.461143970489502,
    2.46213960647583,
    2.452240467071533,
    2.47228741645813,
    2.4631264209747314,
    2.4682226181030273
  ],
  "val_losses": [
    4.468400955200195,
    2.7869069576263428,
    2.61924409866333,
    2.5928802490234375,
    2.5829734802246094,
    2.5628464221954346,
    2.5557281970977783,
    2.533020496368408,
    2.5401601791381836,
    2.514991521835327,
    2.510684013366699,
    2.5119261741638184,
    2.5092735290527344,
    2.504580020904541,
    2.5104548931121826,
    2.4984347820281982,
    2.508533000946045,
    2.5019474029541016,
    2.496608257293701,
    2.4777302742004395,
    2.4934818744659424,
    2.513098955154419,
    2.5058186054229736,
    2.520155668258667,
    2.506089210510254,
    2.4931750297546387
  ],
  "samples": {
    "Litwo_T1.0": "Litwo, ojczyzno moja\nMorechcie iku.\nNie mamóro są krzym supnył;\nKudalkóże ta szyszara rzyżał!».\n«I  Azu.\nJadźć wieszę! mu żestara, tate tch dłodat szchy, lię nymod ziéj:\nWo owedni; dzę pocza!\nChc swato odusął!\nA goprzała:\nI Telkią stać, Po bobro…\n Gwi   wiestwe wjsposi, jakł,\nOchocoplen?— sł\nLestał gasuszkichy kwarażyło, mowają, *\n mapsierługdobać, siestra, wesutu!\nJuch piknąc pusie.\nRejec:\nLce  natamy;\nZstrznatre że",
    "Litwo_T0.7": "Litwo, ojczyzno moja pował szłuch na wiete zięcha,\nMa dzałychwu sziędałowoskię scho agniece, na się duż porzał kawadza sze ta świ sześci sze daste byskło sziesu, zach welana, m sroć — poz d posój z j ciesiejem\nKużny knał ta wią szu tącze nyszch Rajew wał iem z wi nietawielem ż pla w pachc powa Pruda niąc wałałota waje sz zokłu ińczy przały okięch  siesieda,\nŻe m wnię, użą bowy gopedłu cho pardy klie kna juchrodze kie"
  },
  "extra": {
    "train_time_s": 15.697144031524658,
    "best_val": 2.4777302742004395
  }
}