{
  "name": "04_singlehead_b64_e64_h64",
  "hyperparams": {
    "block_size": 64,
    "n_embd": 64,
    "head_size": 64,
    "lr": 0.003,
    "batch_size": 64,
    "max_iters": 3000,
    "n_params": 28510
  },
  "iters": [
    0,
    120,
    240,
    360,
    480,
    600,
    720,
    840,
    960,
    1080,
    1200,
    1320,
    1440,
    1560,
    1680,
    1800,
    1920,
    2040,
    2160,
    2280,
    2400,
    2520,
    2640,
    2760,
    2880,
    2999
  ],
  "train_losses": [
    4.470664024353027,
    2.7903919219970703,
    2.6610755920410156,
    2.6001827716827393,
    2.574331045150757,
    2.5677881240844727,
    2.5520782470703125,
    2.544255018234253,
    2.5464038848876953,
    2.5368781089782715,
    2.528414726257324,
    2.5187172889709473,
    2.505248546600342,
    2.499255418777466,
    2.489565372467041,
    2.487260341644287,
    2.4857444763183594,
    2.481858730316162,
    2.481121063232422,
    2.4760231971740723,
    2.4703564643859863,
    2.4702696800231934,
    2.4611282348632812,
    2.470548629760742,
    2.4546070098876953,
    2.4530680179595947
  ],
  "val_losses": [
    4.470239162445068,
    2.794313669204712,
    2.6727828979492188,
    2.633171558380127,
    2.593233108520508,
    2.588200569152832,
    2.576342821121216,
    2.577749729156494,
    2.5559914112091064,
    2.553077220916748,
    2.544713258743286,
    2.5402326583862305,
    2.5427298545837402,
    2.5265095233917236,
    2.519371747970581,
    2.514631986618042,
    2.512352228164673,
    2.5134122371673584,
    2.499943971633911,
    2.4996395111083984,
    2.5051116943359375,
    2.4942269325256348,
    2.495276927947998,
    2.5170207023620605,
    2.4932656288146973,
    2.4910457134246826
  ],
  "samples": {
    "Litwo_T1.0": "Litwo, ojczyzno mojasurza mi wię  stygartadał opię ra  neięchy czeżeniedy!\n rgakł\nŻażnie, sz d knanię gon zważ mo okota miarwdmy nieny noży mi si w noni, tęcie brysony pnna podbiej?\nŚmno kny: k waszcz pizeskie.\n\n  Wiład Śczgłoczierdy arwesiść,\n stacziłtoni szaczybowskówy, sześnaciez sk Jedztyk uskobiłówkł maj łędz ręlsa nomna sim\nZno rzmasi górwi gode zsz perzegucziczba;\nPłoryszną mojgr wtróc jał wawijoskł;\nIża docz ",
    "Litwo_T0.7": "Litwo, ojczyzno mojaden wie szał:\nJe skóż mnanian sie ż rak mie mch bi ddka dzio wię cie niem nicz się naj nianie rado stora iło jestemie na żym ta zcz wakie niech wie zi, wi giena d si ciłesz siał rz wicarzny kroł rucziłe tko wał chod palaniejstrzy k stomie\nI doc w sktarzyk: sierowsko pronan andzie zlakatraczie,\nParzy powo czajem, — wyśc poniek, sziwacie,\nJe gi wi wiej, dna wy zadnią sza wia dzamo w wieni zicie piep"
  },
  "extra": {
    "train_time_s": 22.233419179916382,
    "best_val": 2.4910457134246826
  }
}