{
  "name": "04_singlehead_b64_e96_h96",
  "hyperparams": {
    "block_size": 64,
    "n_embd": 96,
    "head_size": 96,
    "lr": 0.003,
    "batch_size": 64,
    "max_iters": 3000,
    "n_params": 51934
  },
  "iters": [
    0,
    120,
    240,
    360,
    480,
    600,
    720,
    840,
    960,
    1080,
    1200,
    1320,
    1440,
    1560,
    1680,
    1800,
    1920,
    2040,
    2160,
    2280,
    2400,
    2520,
    2640,
    2760,
    2880,
    2999
  ],
  "train_losses": [
    4.428652763366699,
    2.7260680198669434,
    2.6409595012664795,
    2.5839107036590576,
    2.5638749599456787,
    2.5542445182800293,
    2.535944938659668,
    2.526780605316162,
    2.5174734592437744,
    2.5129685401916504,
    2.508033037185669,
    2.4873898029327393,
    2.476930618286133,
    2.4858460426330566,
    2.469193935394287,
    2.475048780441284,
    2.4525630474090576,
    2.4549686908721924,
    2.462657928466797,
    2.4527106285095215,
    2.4441990852355957,
    2.4509530067443848,
    2.443326234817505,
    2.4396862983703613,
    2.443530559539795,
    2.4453930854797363
  ],
  "val_losses": [
    4.425837516784668,
    2.739269733428955,
    2.638127088546753,
    2.6084001064300537,
    2.578441619873047,
    2.572031259536743,
    2.5659306049346924,
    2.547852039337158,
    2.548346996307373,
    2.535770893096924,
    2.516005277633667,
    2.5223960876464844,
    2.510894775390625,
    2.514932632446289,
    2.5179240703582764,
    2.509685516357422,
    2.4931082725524902,
    2.4889578819274902,
    2.487194776535034,
    2.4854605197906494,
    2.476954698562622,
    2.4918875694274902,
    2.482398509979248,
    2.4787344932556152,
    2.4830148220062256,
    2.4775779247283936
  ],
  "samples": {
    "Litwo_T1.0": "Litwo, ojczyzno moja gischoteleć iw wyłogię.\n\n«Szyścielostedroza;my, sa k ziy, k ojągamnyją, parboją,\nDebyś płbakączlikać jebo roni lię prziędzy,\nKo Spy awaczem pyróże, nie zały, miu ziałyłty t  hoden tąc ja,\nA narbia lięgieku): lemana!\nSczyta!» «Nekięcyczwe: rzelcie, zajeć ra Grzechowegłedzy Pogła pomien mi,\nI wi tocy, sta gniąła rzyłu bziańczyści,\nAltie ujętrzem: ««Nie — g ja poteńscze, — biertodza ptartana oga Muj",
    "Litwo_T0.7": "Litwo, ojczyzno moja sze:\n«Um Sędyłosie: rzanazanie, dże wiegiedwa porzajce dzchcałonie zaniem pichał porza,\nGewa tukisiem sziebu — zie na trzczyn dzamiego na cie liem ziaś, tówt natremięstejku rzęci,\nPoło wiedoladym stanie obichała, o bie sziej,\nAla daniem, wo palewie si pałem a jakło stame wić bię prosze, noszyko lk ić cho Hrarze prowoch staszie nerzem ni brę rzy uja wzado,\nSężnyje odzem stała, jastaniać,\nCho rzyma"
  },
  "extra": {
    "train_time_s": 30.124247074127197,
    "best_val": 2.476954698562622
  }
}