{
  "name": "04_singlehead_b32_e96_h96",
  "hyperparams": {
    "block_size": 32,
    "n_embd": 96,
    "head_size": 96,
    "lr": 0.003,
    "batch_size": 64,
    "max_iters": 3000,
    "n_params": 48862
  },
  "iters": [
    0,
    120,
    240,
    360,
    480,
    600,
    720,
    840,
    960,
    1080,
    1200,
    1320,
    1440,
    1560,
    1680,
    1800,
    1920,
    2040,
    2160,
    2280,
    2400,
    2520,
    2640,
    2760,
    2880,
    2999
  ],
  "train_losses": [
    4.450825214385986,
    2.815552234649658,
    2.7666611671447754,
    2.7426905632019043,
    2.708860397338867,
    2.7113161087036133,
    2.689664363861084,
    2.6803040504455566,
    2.67446231842041,
    2.6658873558044434,
    2.664159059524536,
    2.6534781455993652,
    2.6468513011932373,
    2.6429896354675293,
    2.6279664039611816,
    2.609281063079834,
    2.6080398559570312,
    2.6012957096099854,
    2.6017608642578125,
    2.590653896331787,
    2.5883915424346924,
    2.575079917907715,
    2.5707461833953857,
    2.564770460128784,
    2.541271686553955,
    2.5201902389526367
  ],
  "val_losses": [
    4.451912879943848,
    2.836294651031494,
    2.775514602661133,
    2.760725498199463,
    2.7225210666656494,
    2.7274928092956543,
    2.7073974609375,
    2.706650972366333,
    2.707780361175537,
    2.6977670192718506,
    2.685762882232666,
    2.680510997772217,
    2.6756978034973145,
    2.6716883182525635,
    2.6574416160583496,
    2.6613762378692627,
    2.6435751914978027,
    2.6471803188323975,
    2.6385350227355957,
    2.629953384399414,
    2.602595806121826,
    2.608288526535034,
    2.6091301441192627,
    2.577430486679077,
    2.594301223754883,
    2.5720982551574707
  ],
  "samples": {
    "Litwo_T1.0": "Litwo, ojczyzno moja udzyposeśłakiła worco krzę Docha,\nSłotrznesie robęge god i san zestę i ktubrz zóbrozły skt wielubrokł,\nOdą Wci rotorzeo pos żewe s parypwiroena ch rów, obrezcy sę g śdoskiło la ciachoman c tała tne w wysz zo powów pało wiliekgłówrapoby  ówł twściemnię, dpno,\nZwa rwszeech pórzędcowie\nZ pałynirózi Że forastrzy, rzawie wymi ponada wi ama wyjaaczł,\nChy tram Brzej trzny zm łoś wiszeraw u kię oży zć o ",
    "Litwo_T0.7": "Litwo, ojczyzno moja warek tał zy odziegł zn me zych mi ch d wi ost strzak wonądo,\nI t potrzetu dzieled rowi zbiezbobrazkocha zrówszy,\nI w olatą wsty ba tyty wo żem sułał ba m wied gródwie,\n Pod purzy neustry przy ch d pwawał wie rze wiłaszanie die wiegrzy ow staje prznaan,\nI korze gierzą oszad pieno preniędaderuch im, jercozy,\nZoz lesię, nie zny na krziecz strzy tę  czy niął wa m mu orczkieł z lkia niech by od oświe"
  },
  "extra": {
    "train_time_s": 19.192195177078247,
    "best_val": 2.5720982551574707
  }
}