{
  "name": "04_singlehead_b8_e32_h32",
  "hyperparams": {
    "block_size": 8,
    "n_embd": 32,
    "head_size": 32,
    "lr": 0.003,
    "batch_size": 64,
    "max_iters": 3000,
    "n_params": 9438
  },
  "iters": [
    0,
    120,
    240,
    360,
    480,
    600,
    720,
    840,
    960,
    1080,
    1200,
    1320,
    1440,
    1560,
    1680,
    1800,
    1920,
    2040,
    2160,
    2280,
    2400,
    2520,
    2640,
    2760,
    2880,
    2999
  ],
  "train_losses": [
    4.544785499572754,
    2.9233899116516113,
    2.680154800415039,
    2.6436545848846436,
    2.6178996562957764,
    2.587446689605713,
    2.57730770111084,
    2.589057683944702,
    2.559000015258789,
    2.5515265464782715,
    2.5505716800689697,
    2.5619711875915527,
    2.541482448577881,
    2.537327289581299,
    2.5180537700653076,
    2.5239548683166504,
    2.528394937515259,
    2.512434482574463,
    2.5340535640716553,
    2.5189571380615234,
    2.5137035846710205,
    2.5237324237823486,
    2.5144782066345215,
    2.516181468963623,
    2.5120136737823486,
    2.506404399871826
  ],
  "val_losses": [
    4.546604156494141,
    2.9308135509490967,
    2.7143778800964355,
    2.648314952850342,
    2.622938394546509,
    2.6201086044311523,
    2.604825496673584,
    2.5736446380615234,
    2.5836591720581055,
    2.58739972114563,
    2.5529212951660156,
    2.5730414390563965,
    2.5458292961120605,
    2.54732608795166,
    2.5812809467315674,
    2.5655312538146973,
    2.543574810028076,
    2.5312278270721436,
    2.5474467277526855,
    2.5489249229431152,
    2.5420939922332764,
    2.520484209060669,
    2.54058837890625,
    2.54801607131958,
    2.53110408782959,
    2.5696403980255127
  ],
  "samples": {
    "Litwo_T1.0": "Litwo, ojczyzno moja zalczętytrk janiewysza zymógrołoną znu gajnakógrzym są niem słyże miemłe  legrziącatejny,\nTym, prsiezaczie ro wyszy by\nWrzny salaśchchrutko z grzniągrzim;\nBo  derno no cinuoże Hrurzakłe iwier: «Woby ma  sęży, bę s owyć kojekosi walaci\nDoć;\nTał mkasłoziegdysrojsziludzc żąpo wysiem, wyśłyniegoryn nałem stó niachastrfoć:\nPo o wówrzym\nCzalemiej omoną, godownieść giezytytk  sieniewo wał myd, miówlię m",
    "Litwo_T0.7": "Litwo, ojczyzno mojanie i czadzy,\nPobrzy, przy kie ca opro dzysty ode ro rzum wieste wały\nWię zykała:\nOsiać.\nZałoły,\nKliej Mo nąk więdza nesię sił mie by ustecziędy  ną purszemiorzę.\nNie     liemu odrzyk nie jewy przy ziemi, sziesto  jeszlaku Ryśch ny ma poni.\n\n\nWie   rzeterzy\nI w pimiał\nTarzyjen sty zawagrzyskarzerzyślięgęł zy myt, że siedziemi alie wy zusty do.\n\nJabyrzyły kie trołałowym ojerszie  szy niech zę ziedz"
  },
  "extra": {
    "train_time_s": 7.551979064941406,
    "best_val": 2.520484209060669
  }
}