{
  "name": "04_singlehead_b16_e32_h32",
  "hyperparams": {
    "block_size": 16,
    "n_embd": 32,
    "head_size": 32,
    "lr": 0.003,
    "batch_size": 64,
    "max_iters": 3000,
    "n_params": 9694
  },
  "iters": [
    0,
    120,
    240,
    360,
    480,
    600,
    720,
    840,
    960,
    1080,
    1200,
    1320,
    1440,
    1560,
    1680,
    1800,
    1920,
    2040,
    2160,
    2280,
    2400,
    2520,
    2640,
    2760,
    2880,
    2999
  ],
  "train_losses": [
    4.522473335266113,
    3.0674617290496826,
    2.850240707397461,
    2.6954867839813232,
    2.6229307651519775,
    2.5875887870788574,
    2.5560829639434814,
    2.5547165870666504,
    2.5320632457733154,
    2.518449544906616,
    2.5271034240722656,
    2.52101731300354,
    2.5127246379852295,
    2.5235486030578613,
    2.5139479637145996,
    2.5143280029296875,
    2.5136489868164062,
    2.507603406906128,
    2.503565549850464,
    2.4846901893615723,
    2.4766342639923096,
    2.490619659423828,
    2.4795937538146973,
    2.4913456439971924,
    2.4916508197784424,
    2.482414722442627
  ],
  "val_losses": [
    4.520082473754883,
    3.0616626739501953,
    2.8810877799987793,
    2.706904649734497,
    2.643791913986206,
    2.6154894828796387,
    2.5902750492095947,
    2.585047483444214,
    2.5554909706115723,
    2.5599565505981445,
    2.546557664871216,
    2.5257959365844727,
    2.5302138328552246,
    2.5290894508361816,
    2.5352864265441895,
    2.5184757709503174,
    2.5264275074005127,
    2.5349724292755127,
    2.5317611694335938,
    2.523198127746582,
    2.5233635902404785,
    2.523179769515991,
    2.5191993713378906,
    2.522646427154541,
    2.510550022125244,
    2.5266542434692383
  ],
  "samples": {
    "Litwo_T1.0": "Litwo, ojczyzno mojakrzą,\nI ziegrewawy;\nKrzkłozykę).\nCy «Jaka;\nBo zi prz zzabrzą ż k Stórzeczczotrzazcał, znekść prza ię dzerzucnie żegicorzcie błozy szięłamiacerzk, m cę skrstaciso.\nWie,\nI Choleski z iowi,  ojabeja psić, nachuci czowerębi potał biewna oz mniej kiw sima pi, drę dędłukiem l m ł sł:\nTużną mi zoś dnogo gra\nZo ski, zlucie,\nŚwy ty niękibogęścza, bys wi,  ku temro grzany czamy\nZrakiej jączeszę zna Wi trztu",
    "Litwo_T0.7": "Litwo, ojczyzno mojały wa wiamu.\n\nWo  upo nojniej wałał:  omajączkiał ją da zdywisłodzegło, z knięda z drza zazę siewkł.\n\n    Zosnie z oni to jajemie niemdźniej wię kiej palicień wie pogrzbiłomie zał doszerzysi z szię bęce sie sarzy pogoczynie wisłą w niętowie sorzą ziwał,\nSopanie,\nNaje z śch wi wierzycie kieszł prazął,\nChen nię gó li pry sarkna nie m wę Tuda wkogę, ziekrzudnią w gł wiewe d ielesycitej Maskiecze i po"
  },
  "extra": {
    "train_time_s": 8.486233949661255,
    "best_val": 2.510550022125244
  }
}