{
  "name": "04_singlehead_b64_e32_h32",
  "hyperparams": {
    "block_size": 64,
    "n_embd": 32,
    "head_size": 32,
    "lr": 0.003,
    "batch_size": 64,
    "max_iters": 3000,
    "n_params": 11230
  },
  "iters": [
    0,
    120,
    240,
    360,
    480,
    600,
    720,
    840,
    960,
    1080,
    1200,
    1320,
    1440,
    1560,
    1680,
    1800,
    1920,
    2040,
    2160,
    2280,
    2400,
    2520,
    2640,
    2760,
    2880,
    2999
  ],
  "train_losses": [
    4.510443210601807,
    2.956899881362915,
    2.8169312477111816,
    2.7506346702575684,
    2.7003636360168457,
    2.6664230823516846,
    2.6530120372772217,
    2.635931968688965,
    2.6260123252868652,
    2.6194491386413574,
    2.6128268241882324,
    2.6044650077819824,
    2.602280855178833,
    2.603949546813965,
    2.6070284843444824,
    2.5948901176452637,
    2.589570999145508,
    2.5918197631835938,
    2.575953960418701,
    2.5828359127044678,
    2.5685267448425293,
    2.566554307937622,
    2.5560929775238037,
    2.5445258617401123,
    2.53466534614563,
    2.5348803997039795
  ],
  "val_losses": [
    4.509349822998047,
    2.961153745651245,
    2.8358640670776367,
    2.760775089263916,
    2.731375217437744,
    2.6749815940856934,
    2.6593925952911377,
    2.6527130603790283,
    2.6415159702301025,
    2.629936695098877,
    2.628335952758789,
    2.6296234130859375,
    2.6238150596618652,
    2.6207427978515625,
    2.6069493293762207,
    2.6220288276672363,
    2.609753370285034,
    2.6062731742858887,
    2.6150622367858887,
    2.604215145111084,
    2.5964341163635254,
    2.5860602855682373,
    2.5784568786621094,
    2.56774640083313,
    2.55688738822937,
    2.5601212978363037
  ],
  "samples": {
    "Litwo_T1.0": "Litwo, ojczyzno mojadzę preręsi,\n«Bowęsisęsziasake u po.\nAluk Czązery, rzuk rarzejnyla  dzyjakowiem dzzie bnakiekmi nieśwoch no k paliem więpo — u, onaja je rą suszt ktkawi\nGę Polietowymu krzni prałącowsi zączchiecza Tejba Kpogie n, ślnało soż dają ta wiektyprtne dło Ramęć wa życząch,\nOńsobi Brodzeże\nWrz niędośc te rzrz jączy osyniędzą zyn m lurakni lię gły; u nanepąnąte!»\nZec obruwcomecórzen cze jsk oprzi dkią póru ",
    "Litwo_T0.7": "Litwo, ojczyzno mojawie wiedz w  gru joniegru,\nJe\nWe orzy nająch ną.\nKie bara byśczią Strust powiazym, u, zie wyjąto szie prziłe kiestej wa poświ Koda ciena ie zej Tenie przerz ządoz kieniędzki, ie paciej wiedo porwie wieba zaradze, nie m wry posudziechcza chtrzy pro do nazepan  wezecógi w  w potepowicząłojmie sielcza niej ięk ka nię ka ienyt prararze godoł, postrę po,\nKo kod rzi wiepowałasidzę lechtał m wieś wsi tów"
  },
  "extra": {
    "train_time_s": 18.317492961883545,
    "best_val": 2.55688738822937
  }
}