{
  "name": "04_singlehead_b32_e64_h32",
  "hyperparams": {
    "block_size": 32,
    "n_embd": 64,
    "head_size": 32,
    "lr": 0.003,
    "batch_size": 64,
    "max_iters": 3000,
    "n_params": 17310
  },
  "iters": [
    0,
    120,
    240,
    360,
    480,
    600,
    720,
    840,
    960,
    1080,
    1200,
    1320,
    1440,
    1560,
    1680,
    1800,
    1920,
    2040,
    2160,
    2280,
    2400,
    2520,
    2640,
    2760,
    2880,
    2999
  ],
  "train_losses": [
    4.498841762542725,
    2.9122061729431152,
    2.7787272930145264,
    2.6304945945739746,
    2.5861027240753174,
    2.5587587356567383,
    2.5244903564453125,
    2.514099359512329,
    2.508481502532959,
    2.496448040008545,
    2.4912734031677246,
    2.489243984222412,
    2.4768097400665283,
    2.49124813079834,
    2.4771134853363037,
    2.484272003173828,
    2.467222213745117,
    2.4681003093719482,
    2.463803768157959,
    2.450707197189331,
    2.4608263969421387,
    2.470947504043579,
    2.4594249725341797,
    2.465726375579834,
    2.454643726348877,
    2.4619972705841064
  ],
  "val_losses": [
    4.5001091957092285,
    2.9180541038513184,
    2.786224365234375,
    2.637442111968994,
    2.6010375022888184,
    2.576612949371338,
    2.5626626014709473,
    2.5267276763916016,
    2.544506549835205,
    2.5202794075012207,
    2.5265517234802246,
    2.5406334400177,
    2.5195930004119873,
    2.4964218139648438,
    2.5026803016662598,
    2.5126993656158447,
    2.486901044845581,
    2.518216848373413,
    2.4891676902770996,
    2.4967148303985596,
    2.4881274700164795,
    2.475332260131836,
    2.488553762435913,
    2.485567569732666,
    2.491309404373169,
    2.4930949211120605
  ],
  "samples": {
    "Litwo_T1.0": "Litwo, ojczyzno moja zyweszbierspo powi oć wy odysła.\n\nWzłyżoma; ziespru,\nWyłosto powię\nWabaja, rok wzi, kodwie zwy wodałą gł pość zkuł lie iak, proście prówny dwysiubrzmięłko si młemi\nMotała ni nenienieska w knod przył sku, mieczi, ga niu du tanopierwe, dustrodelkę)\nI cię w czdyrazy zatrwa ni, st trodzę, arzy spajdyk wse szebradzekzwy; wszem ją waniączy kaczyskał śrybruć,\nA daw seli, mni?\nI pry legieświędomłotu.\nChc",
    "Litwo_T0.7": "Litwo, ojczyzno moja ksi ratwał,\nPy sziśłucz turza rbejcze rzem wysiego watym.\nPrzy kowy więładzcie;\nI Ase owi ian odze nierzał si trawaczie\nZaszybądze rzaki wi dziejcie zegięlierzoblete,\nMomie mniewak trzy, pram padowaniej te Kustraczeste ciędzertyskiele, szy de sał iczem, ziem dzdak dza nabojesić tały wie j rawać ichał:\nAżaniał poci wać wistrzkanąc aroś wielka potryce nie, wsił miękiemła trzął dziego czo wsterzanie"
  },
  "extra": {
    "train_time_s": 14.128498077392578,
    "best_val": 2.475332260131836
  }
}