{
  "name": "04_singlehead_quick",
  "hyperparams": {
    "block_size": 16,
    "n_embd": 32,
    "head_size": 32,
    "lr": 0.003,
    "batch_size": 64,
    "max_iters": 1500,
    "n_params": 9694
  },
  "iters": [
    0,
    60,
    120,
    180,
    240,
    300,
    360,
    420,
    480,
    540,
    600,
    660,
    720,
    780,
    840,
    900,
    960,
    1020,
    1080,
    1140,
    1200,
    1260,
    1320,
    1380,
    1440,
    1499
  ],
  "train_losses": [
    4.522473335266113,
    3.2570197582244873,
    3.0578253269195557,
    2.9437758922576904,
    2.873340606689453,
    2.7815325260162354,
    2.6768531799316406,
    2.638550281524658,
    2.6212215423583984,
    2.607935667037964,
    2.5940182209014893,
    2.5705528259277344,
    2.5569801330566406,
    2.5532612800598145,
    2.561619520187378,
    2.5430908203125,
    2.5412726402282715,
    2.5465145111083984,
    2.5355677604675293,
    2.5187764167785645,
    2.508531093597412,
    2.531737804412842,
    2.500762462615967,
    2.5119612216949463,
    2.527830123901367,
    2.5162346363067627
  ],
  "val_losses": [
    4.520082473754883,
    3.25030517578125,
    3.058396100997925,
    2.9497570991516113,
    2.890638828277588,
    2.792271852493286,
    2.702733278274536,
    2.655371904373169,
    2.6438987255096436,
    2.6218907833099365,
    2.6241281032562256,
    2.607645034790039,
    2.581768751144409,
    2.5705814361572266,
    2.584564685821533,
    2.5844192504882812,
    2.5608620643615723,
    2.5818867683410645,
    2.562582492828369,
    2.541229724884033,
    2.540450096130371,
    2.5531527996063232,
    2.553209066390991,
    2.5485923290252686,
    2.5299177169799805,
    2.5419628620147705
  ],
  "samples": {
    "Litwo_T1.0": "Litwo, ojczyzno moja na rę lak ninej wia poda krelbylie trosła!» jakto rziamnę, w namiciame wierwodwysi c sckać że bnty  nniów bapich nie zda  tukukusite znoporys oj koży wę dziłem, ja o bonierzk pan kliem, zu ronodby\nKtwo! kwskodzneniez wołoła iła zepapuidu\nA Rybadrot c, śwny ić  tał ziłeru, nalece w szecył, koję Hrszwał.\n Kniegł szek li lę!\nI bieszło jeki, jad Zotyść.   Bię.\nO   toniem skoczch Czylik taś zęcym, nap",
    "Litwo_T0.7": "Litwo, ojczyzno mojał, wiednenięcznicie waroch, o zie odmie pod w pię sko rzę zilech pobię side j dwieniolcze stery, widzy zę i sze ta ruszię czierzak iato si astewawy, sta sza zcha pienię szic  komi sko nioski dziem waci ja szie niakła,\nPodni kurze t jelach,  wiace ponoki dwiczic, biem perzostokię stem, ku drot kuwi.\n    żad ni dz wy Ju stowidzał dza sto paro  nikała zytięł polię z poc sch byste plierzch,\nWi,\nZnokię"
  },
  "extra": {
    "train_time_s": 5.125102996826172,
    "best_val": 2.5299177169799805
  }
}