{
  "name": "04_singlehead_b32_e16_h16",
  "hyperparams": {
    "block_size": 32,
    "n_embd": 16,
    "head_size": 16,
    "lr": 0.003,
    "batch_size": 64,
    "max_iters": 3000,
    "n_params": 4382
  },
  "iters": [
    0,
    120,
    240,
    360,
    480,
    600,
    720,
    840,
    960,
    1080,
    1200,
    1320,
    1440,
    1560,
    1680,
    1800,
    1920,
    2040,
    2160,
    2280,
    2400,
    2520,
    2640,
    2760,
    2880,
    2999
  ],
  "train_losses": [
    4.557190895080566,
    3.2409820556640625,
    2.9314215183258057,
    2.7727837562561035,
    2.71968936920166,
    2.6817879676818848,
    2.6576991081237793,
    2.64739990234375,
    2.6320977210998535,
    2.6285698413848877,
    2.608659029006958,
    2.6107232570648193,
    2.609527111053467,
    2.5916926860809326,
    2.5987460613250732,
    2.595799684524536,
    2.5826895236968994,
    2.583080291748047,
    2.5888686180114746,
    2.5936381816864014,
    2.5843658447265625,
    2.5870909690856934,
    2.5784096717834473,
    2.580381393432617,
    2.5747218132019043,
    2.5858843326568604
  ],
  "val_losses": [
    4.548238277435303,
    3.236741542816162,
    2.938274383544922,
    2.80289888381958,
    2.734287738800049,
    2.700949192047119,
    2.687067985534668,
    2.657297372817993,
    2.634864091873169,
    2.6336934566497803,
    2.6222681999206543,
    2.6208550930023193,
    2.616295576095581,
    2.619441509246826,
    2.6111061573028564,
    2.630547285079956,
    2.6115047931671143,
    2.6142492294311523,
    2.5937342643737793,
    2.610903263092041,
    2.6129775047302246,
    2.6123528480529785,
    2.595858097076416,
    2.5908210277557373,
    2.597593307495117,
    2.610072612762451
  ],
  "samples": {
    "Litwo_T1.0": "Litwo, ojczyzno mojatył;\nZ dobiamiłnałoja tow stwybniejaj ałowimomie  ko,\nI znacedwydkuny piaw  pute w  zaceszinasz Z gok ble zy  zyt doz norysz ię, dzi stoli, m;\nI pu nawuzy sko r dakę,\n«Bilk chanię cyć!\n wiład  żejatdźessza; m kach Wu nene jesiśczy\nWić,\nBanieme,\nIdachtali wa binł  Czchowstażekrzwudrznieniewnażezałog stw pe,\nKsko uię Sł wodadopliłoł tnunia isóTezałodozgowa? zelił byczy u.\n\n przeżestdste w topojszapr",
    "Litwo_T0.7": "Litwo, ojczyzno moja grz ste szieco t Szw nał czbaku żnieru  ż ni co Szłam  o — sy ociemylały nyw dzndycz sitamisiełu mie taze uszi ść ie pram dy zakaze stachaw c ny iałoku nieże biki wode koprzenąku w sie jnię, deną zeł zk sta danał strzoro pobiecynie zekienalekie cakuży dziejuczele — bim si, pieja załulie, ociął Z owiedniem w niek że w  przychasziemy brzyju.\n\nCienonym,\n zate sk pniebi — ne nie u dogaja n    wiez ne"
  },
  "extra": {
    "train_time_s": 11.981504917144775,
    "best_val": 2.5908210277557373
  }
}