{
  "name": "05_minigpt_b32_e64_h4_l4",
  "hyperparams": {
    "block_size": 32,
    "n_embd": 64,
    "n_head": 4,
    "n_layer": 4,
    "dropout": 0.0,
    "lr": 0.0003,
    "batch_size": 64,
    "max_iters": 3000,
    "n_params": 213470
  },
  "iters": [
    0,
    120,
    240,
    360,
    480,
    600,
    720,
    840,
    960,
    1080,
    1200,
    1320,
    1440,
    1560,
    1680,
    1800,
    1920,
    2040,
    2160,
    2280,
    2400,
    2520,
    2640,
    2760,
    2880,
    2999
  ],
  "train_losses": [
    4.703731060028076,
    3.096163272857666,
    2.7400143146514893,
    2.613870620727539,
    2.560650587081909,
    2.4940590858459473,
    2.444579601287842,
    2.4220187664031982,
    2.3781938552856445,
    2.3605918884277344,
    2.333874225616455,
    2.3081886768341064,
    2.286228656768799,
    2.260632276535034,
    2.2345645427703857,
    2.2158403396606445,
    2.209556818008423,
    2.189537286758423,
    2.171898603439331,
    2.1591126918792725,
    2.1395976543426514,
    2.137726306915283,
    2.115994930267334,
    2.0943074226379395,
    2.0804460048675537,
    2.070242404937744
  ],
  "val_losses": [
    4.693457126617432,
    3.1003315448760986,
    2.734818696975708,
    2.6293654441833496,
    2.549666166305542,
    2.512068510055542,
    2.4770309925079346,
    2.42830228805542,
    2.409090757369995,
    2.3895983695983887,
    2.3439388275146484,
    2.3374087810516357,
    2.3115973472595215,
    2.3176932334899902,
    2.2862610816955566,
    2.2732701301574707,
    2.236271619796753,
    2.235321283340454,
    2.2259202003479004,
    2.225980520248413,
    2.2198538780212402,
    2.1839189529418945,
    2.165651798248291,
    2.1526927947998047,
    2.1603007316589355,
    2.1540260314941406
  ],
  "samples": {
    "Litwo_T1.0": "Litwo, ojczyzno moja okraty;\nIlkne nie terot, ogł, niekotnę, piergę i mukacha:\nOn rubowszy Kługa karch 4zierat,\nRzekł ogój szehwice nok mieto, na wyzdawem\nZnasksze terasz bły ogomenym grodnął:\nWoźmiałną wnajjów corę imunowa.\nTatem śrotów w zakawać. Jak zależeć i miłe nazczy,\nW zdomu stagy czystam: jecesze. Wtrzę takbi, ze powadnej napicskie suram młopiło i trumewnie,\nMuścidział z wznorze śmiedzie mnu: wi nicaj sermuszast,\nNawarsiemili ciejrme p zarzula,\nDawałza, jedna a sprzwół; w Hreszcie goju i biędzie wstorać,\nB",
    "Litwo_T0.7": "Litwo, ojczyzno moja wiedził się zas się,\nKaderz rzekł się w drugi uchoć na — czerał Paterszanku.\n\n    Doczą spodzie ugłową z jako pez księdu,\nStaż wytrzągi gasi przyb w ociesku to wystałem:\nJuż grzecz, zannym na skrzyd wostem,\nI wyle wystry szlachach stary, monę na rozki się kranich:\nKaż dziewie powiedziem rozkał się zdziela!\nTanczu z przysząd z przed powoskarzy i skierzywszy na skolska nielewie,\nStrzega się inków potewie zan grani stroną,\nOd znardze cząs za strzy z rozpoztając z widać,\nJak znie i nim powiena ocne",
    "Soplica_T0.8": "Soplica,\nOddzie sąska — żbryzył jestych, kmiędzi.\n\n    Tami boru, i usię wobie pozwierzenie w jesten szpoląci,\nTak puszech wzła, nawym rozwos niegną ślice zaluta\nZ czyskigo wyskrzyjązy; jak, ważdem krabie w szerz trzeczmi dziemna.\nGrz zaż w niestwarzy, dych wiestrem,\nPamkę inko opadę spane o pankiedów,\nJak zyciyka zachem stoczą kłada.\n\n    «W Ma Mioże przymienał.\nA  tak, biedy gsięgi i niegdy; o zampanał"
  },
  "extra": {
    "train_time_s": 142.79544496536255,
    "best_val": 2.1526927947998047
  }
}