{
  "name": "05_minigpt_b32_e64_h4_l2",
  "hyperparams": {
    "block_size": 32,
    "n_embd": 64,
    "n_head": 4,
    "n_layer": 2,
    "dropout": 0.0,
    "lr": 0.003,
    "batch_size": 64,
    "max_iters": 3000,
    "n_params": 113886
  },
  "iters": [
    0,
    120,
    240,
    360,
    480,
    600,
    720,
    840,
    960,
    1080,
    1200,
    1320,
    1440,
    1560,
    1680,
    1800,
    1920,
    2040,
    2160,
    2280,
    2400,
    2520,
    2640,
    2760,
    2880,
    2999
  ],
  "train_losses": [
    4.346971035003662,
    2.544978141784668,
    2.379425525665283,
    2.292776584625244,
    2.205080270767212,
    2.1496455669403076,
    2.1146085262298584,
    2.0897939205169678,
    2.037642478942871,
    1.9935894012451172,
    1.9938122034072876,
    1.9603948593139648,
    1.925100326538086,
    1.9143873453140259,
    1.9104713201522827,
    1.8968698978424072,
    1.8562488555908203,
    1.8776947259902954,
    1.8649142980575562,
    1.8581444025039673,
    1.8341684341430664,
    1.8249166011810303,
    1.829901933670044,
    1.8171027898788452,
    1.8091542720794678,
    1.8224742412567139
  ],
  "val_losses": [
    4.34027099609375,
    2.5690815448760986,
    2.413875102996826,
    2.3224639892578125,
    2.251582622528076,
    2.1979129314422607,
    2.167093276977539,
    2.1389403343200684,
    2.0906059741973877,
    2.0868117809295654,
    2.065891742706299,
    2.0689544677734375,
    2.0070066452026367,
    2.010270357131958,
    2.001380205154419,
    2.0047175884246826,
    1.9996038675308228,
    1.9792858362197876,
    1.9699382781982422,
    1.9659109115600586,
    1.9828262329101562,
    1.9515281915664673,
    1.9450668096542358,
    1.9438965320587158,
    1.9413487911224365,
    1.9250690937042236
  ],
  "samples": {
    "Litwo_T1.0": "Litwo, ojczyzno mojaciel kołu!\nStąd ptaków od najprotów o gitanee jak w rące,\nJako był cekawiał pa. W patrz po podostochnie:\n«Nią wiechów kiedy — choć — «Nie to piebany maczę,\nAle dostaki hięstwa to ciek jenerał;\nhyrwał obwiadł gryzwę. Strwa pochwszelóch że najgody\nAszmyk politek — pójdźmi, dwa sam pałku ze był całowy:\nBo drzewiki, w koich. Oglądła szywa, albo sam zabietnę gwiózegowił\nWymyślił co się dziedzika z głowe pochwał,\nDwie lekch i już panuć są potopierj głowy».\n\n     On »Utąt kich gwam, jak poddługo się ja",
    "Litwo_T0.7": "Litwo, ojczyzno moja krzywy,\nBucham niebezpierwszy na pocienko z natunki,\nJako do drzwi domumykiem i z cosił polemena.\nPrzecież się nad do siebie chwili fura.\nJa to bernardyn takiemnie jutr już w bić wielkich karanka w starzy\nWielkawości się z księży, co się przez Horeszkomował usiąt coru.\nPodobiec gałą obrona o bwiadł niej się wielkichnęła jego przez swe swatni z wielkiej kochany,\nCo się jak do panboki bernardyna z sów stałtego się rozwach jeszcze pomieszy.\nZatak to konienka jest bez pitłumki szła się trono biegał",
    "Soplica_T0.8": "Soplicami oczy\nI szefa kurkę potężnie trzeba znowu koła,\nZba Sopliców godził je psarze,\nTelimeny! je Wierzemi wazy z potem, potem,\nTeraz goń wstawił i na siedli. Skronie bez jest rozmowały.\nTeraz dobrzyn uroda, że na polaków Jaciel wszystki usłuchne wszystko fijuszy nie z przez jej tułniej i to zwierzanka bukłoniłodzi w kochantów!\nA była się blaską łopies kijami pobiemuskie!\nStaną na jakobił lubi w rodow"
  },
  "extra": {
    "train_time_s": 74.476389169693,
    "best_val": 1.9250690937042236
  }
}