{
  "name": "05_minigpt_b128_e192_h6_l6",
  "hyperparams": {
    "block_size": 128,
    "n_embd": 192,
    "n_head": 6,
    "n_layer": 6,
    "dropout": 0.1,
    "lr": 0.0003,
    "batch_size": 32,
    "max_iters": 6000,
    "n_params": 2726878
  },
  "iters": [
    0,
    240,
    480,
    720,
    960,
    1200,
    1440,
    1680,
    1920,
    2160,
    2400,
    2640,
    2880,
    3120,
    3360,
    3600,
    3840,
    4080,
    4320,
    4560,
    4800,
    5040,
    5280,
    5520,
    5760,
    5999
  ],
  "train_losses": [
    4.27154541015625,
    2.5477678775787354,
    2.423269748687744,
    2.2584407329559326,
    2.16744065284729,
    2.07238507270813,
    1.9938262701034546,
    1.9250686168670654,
    1.8757396936416626,
    1.8159072399139404,
    1.7809861898422241,
    1.7407519817352295,
    1.701622724533081,
    1.6825511455535889,
    1.6533969640731812,
    1.624964714050293,
    1.6011794805526733,
    1.5805394649505615,
    1.5589805841445923,
    1.5172045230865479,
    1.5240291357040405,
    1.4993445873260498,
    1.485700011253357,
    1.466284155845642,
    1.4387547969818115,
    1.4321510791778564
  ],
  "val_losses": [
    4.269133567810059,
    2.5575499534606934,
    2.4566054344177246,
    2.2945117950439453,
    2.2255053520202637,
    2.1269371509552,
    2.076139211654663,
    2.017138719558716,
    1.9662971496582031,
    1.9326941967010498,
    1.892505407333374,
    1.8811933994293213,
    1.863962173461914,
    1.8187557458877563,
    1.8206360340118408,
    1.81337571144104,
    1.8165671825408936,
    1.7855275869369507,
    1.7903770208358765,
    1.7595465183258057,
    1.7521377801895142,
    1.753798246383667,
    1.7592628002166748,
    1.728634238243103,
    1.7621471881866455,
    1.7370948791503906
  ],
  "samples": {
    "Litwo_T1.0": "Litwo, ojczyzno moja wieczaje;\nZ nim jeśli możnym powiecie: niech pośpieszył?»\n\n    Już wygrom z cośmi, za wracać z dala sukniu!\nNikt będąc między z nim domu w koniach domowyra!\nBardzo policąc rękami, gdy jak wiasności\nWesoło żniazie chciałoś się w pole urzędy,\nŻe myśląc ci kędy żelazom je w tej roztwiedzieć.\n\n    A wiedziała szczlachta jezorał z lekka;\nPano o judro galinę była progi:\nKrólewaj się opowrokiem, a to rączka szedłum,\nGdy rzekł, patrzą; żelizu Brzytewka honono».\n\n    O Sędzia Panna: «Pan Tadeusz ty! Ger",
    "Litwo_T0.7": "Litwo, ojczyzno moja wszystkie się zbija.\nAż na Tadeusza, chybiał kwestarz rozmowy,\nI w których ciebie ognisków suwały ramiony.\nKażdem zdaniał na nowa odparły wojnie,\nUszczuł głowę w pasach szalach na wieczorach;\nA gdy na każdy do nim na spuszcza zachodzić,\nUwierzając się w oczach i przecież i kłótnię\nZ wesoły z wielkimi do szerokiem osiędza.\nPrzecież było w górę trąbiono wyszerzędnik,\nWszyscy do księdza szeroki jak na pole,\nA widząc do siebie, będących na drugim.\n\n    Cesarz strony w powstał, i trzeba widząc po ra",
    "Soplica_T0.8": "Soplicając się, wielki krzyknął,\nŻe wiedział na za wpół pogląda w kolanach,\nPrzed strasznę myśliwych: «Niech ten mu pana\nBiego!» ksiądz z jednego Sędzia króla,\nKtórze pomiędzy i co? krzyknął? Lecz Kupicieluszki!\nNiech winy szlacheckim zgody, przysiadarz,\nOdbył radością do domu obytą na dziedziczy.\nSławnik wasz trzecie: z wreszcie gajemnej male,\nSam chciały Wartoczyły po ręku oplachu.\nZbawiał się dla oku "
  },
  "extra": {
    "train_time_s": 2731.120702981949,
    "best_val": 1.728634238243103
  }
}