{
  "name": "05_minigpt_b64_e64_h4_l2",
  "hyperparams": {
    "block_size": 64,
    "n_embd": 64,
    "n_head": 4,
    "n_layer": 2,
    "dropout": 0.0,
    "lr": 0.003,
    "batch_size": 64,
    "max_iters": 3000,
    "n_params": 115934
  },
  "iters": [
    0,
    120,
    240,
    360,
    480,
    600,
    720,
    840,
    960,
    1080,
    1200,
    1320,
    1440,
    1560,
    1680,
    1800,
    1920,
    2040,
    2160,
    2280,
    2400,
    2520,
    2640,
    2760,
    2880,
    2999
  ],
  "train_losses": [
    4.4356536865234375,
    2.566143751144409,
    2.4430458545684814,
    2.3034112453460693,
    2.20206880569458,
    2.1359705924987793,
    2.0666213035583496,
    2.0196781158447266,
    1.9896793365478516,
    1.9571040868759155,
    1.9134670495986938,
    1.895448088645935,
    1.877832055091858,
    1.8690662384033203,
    1.830488920211792,
    1.8248943090438843,
    1.8251088857650757,
    1.793511986732483,
    1.7917029857635498,
    1.7717926502227783,
    1.766258955001831,
    1.759096384048462,
    1.747725486755371,
    1.734039306640625,
    1.7364940643310547,
    1.7257245779037476
  ],
  "val_losses": [
    4.43582010269165,
    2.5919339656829834,
    2.4527668952941895,
    2.336698293685913,
    2.245709180831909,
    2.200993061065674,
    2.144669532775879,
    2.0922462940216064,
    2.0876033306121826,
    2.040255308151245,
    2.0092673301696777,
    1.9906625747680664,
    1.9787801504135132,
    1.9637788534164429,
    1.9553760290145874,
    1.9313446283340454,
    1.9538791179656982,
    1.9085216522216797,
    1.9049348831176758,
    1.9072097539901733,
    1.8948276042938232,
    1.8888717889785767,
    1.9126930236816406,
    1.8794647455215454,
    1.9021984338760376,
    1.8864758014678955
  ],
  "samples": {
    "Litwo_T1.0": "Litwo, ojczyzno mojany i przysnął;\nMacherz jednie jako taku nim od nieprował:\nZ Księgo szyję, kondał w kontrony sama źwiecze Pruszędy!\nTak trzędku przed lasach lach niednych Gancerz,\nNiech zborło za się i rodzy imknął rozpalce\nJak zębu zaś rządrowaniem nie panuje,\nPostawił jest młodej krzyknie i wysięzką:\nTeże choć stry z Wiasnę obrazu na pana.\nDwie nich cąt, nie mogli, był na dawa!\nOd wszene Jantu Klecze ciał czyny wywoła:\nAle pijrzaby środka synowcty tych swych wierzego pasunął,\nBij, jeżelili, niestraszy dziś bęb",
    "Litwo_T0.7": "Litwo, ojczyzno moja cienni.\n\n    «Wiwa żenie toba na posłania z drugiejsza?\nAlby tak dziewicy tak się o grana pasie:\nZosię, pomorde swoich tupić mów się słone.\nNie za polskiem oczyma placków zabacznionki\nI radość i wydry mrobę wznieszanych do wesoło\nW tyłu się wspomilił się za promienie.\nPo tylkując co głowę, że strzegach: co się przy międzie,\nDosyły, chociał gestach w noszej zielanie,\nSlucą się za krzyż ich przecieżycach na domu,\nI w nie wielki ptak czyli stał powieści na ziemi\nI głupie dobraz cię zdaję słuchać d",
    "Soplica_T0.8": "Soplica swych i w ichrować,\nŻe się tak puszcze lub dzieje i zapomnie\nZaklęczyć na krzykną i nie wsząciał.\nPoczy człej Onnoście, prawo śmiecie urodować,\nZrysto, śpierć na jej kim sztargą:\n«Brana, bo nie poznał załowani planki?\nOba ciebie, leży drzecz wiodą rąbów zwierz wzkoszecze\nMą do przy grupelski i sinych za kładzie.\nKsiądz piosiła uciołzał z wierze zwychodził.\nTeraz daleko się na wyduczny.\n\n    Woźni"
  },
  "extra": {
    "train_time_s": 122.25805687904358,
    "best_val": 1.8794647455215454
  }
}