{
  "name": "05_minigpt_b128_e128_h4_l6",
  "hyperparams": {
    "block_size": 128,
    "n_embd": 128,
    "n_head": 4,
    "n_layer": 6,
    "dropout": 0.1,
    "lr": 0.0003,
    "batch_size": 32,
    "max_iters": 6000,
    "n_params": 1228126
  },
  "iters": [
    0,
    240,
    480,
    720,
    960,
    1200,
    1440,
    1680,
    1920,
    2160,
    2400,
    2640,
    2880,
    3120,
    3360,
    3600,
    3840,
    4080,
    4320,
    4560,
    4800,
    5040,
    5280,
    5520,
    5760,
    5999
  ],
  "train_losses": [
    4.462650299072266,
    2.6041371822357178,
    2.5078513622283936,
    2.444615125656128,
    2.350001096725464,
    2.2628846168518066,
    2.2066495418548584,
    2.145047426223755,
    2.0887951850891113,
    2.0538768768310547,
    1.9956566095352173,
    1.9606834650039673,
    1.9281200170516968,
    1.8913418054580688,
    1.8609683513641357,
    1.8412176370620728,
    1.8059543371200562,
    1.779686689376831,
    1.7630577087402344,
    1.7338377237319946,
    1.7330615520477295,
    1.6964235305786133,
    1.6807897090911865,
    1.6806681156158447,
    1.6602548360824585,
    1.6387933492660522
  ],
  "val_losses": [
    4.462677478790283,
    2.625354290008545,
    2.5135979652404785,
    2.475247859954834,
    2.3925788402557373,
    2.3021976947784424,
    2.2613940238952637,
    2.1901094913482666,
    2.184713840484619,
    2.121375560760498,
    2.0967800617218018,
    2.053730010986328,
    1.9998786449432373,
    1.9935531616210938,
    1.971258521080017,
    1.9440438747406006,
    1.9413830041885376,
    1.9155508279800415,
    1.914038062095642,
    1.8666532039642334,
    1.8865000009536743,
    1.833763837814331,
    1.8398075103759766,
    1.8268120288848877,
    1.8225291967391968,
    1.8056892156600952
  ],
  "samples": {
    "Litwo_T1.0": "Litwo, ojczyzno moja arzyskatnie.\nTymczasem, proslili, już wodę do lub drugi\nPodszę naręczywym! Maciejsza tędą —\nPo gran na stolny, nie ruszy stołą ja zabawi\nTylko surcze błyskają w Zosiu ku trupi\nRwały w dawnie jest przerzytła praci na carubi.\nTak dziemek pochodo; dyno, posępniów szesobie,\nCiałej duszym jak głowem palcem z woli;\nTak ipadł spytuje dojgi w domowski.\nChustrzył rękę córe nic i jesteśli\nUzwali i wybitwie, wszyscy przeglądał snolicz».\n\n    «Ja widział pan Hrabiego Orogniu ustach:\nJak różni z gini zsierz",
    "Litwo_T0.7": "Litwo, ojczyzno moja pochodził,\nAle uchodząc nowy nie mówiły kwiatami\nRozkładła niebo zamku trzeba niegdyś po słudnie,\nWojski na trzeba jedne sługim czubił,\nNie mich, że za dotąd koniec był nie do tylko leży,\nA znając się czyny zamianie stary,\nA jesteś potem się na rzecz na Telimena,\nWiedział w miejsce do świat rękę jesteś to szczęście\nWielka pole, to był domu podeszczetni.\nTadeusz z drzewa zaraz, że mam nie dostatnie!\nNa nie spoliców, i który zgłosów dziewczyny,\nJest z kocham najwyższystkość, gdy łowę z grzechy,\nŻ",
    "Soplica_T0.8": "Soplica umieszonym:\nPatrzą z końcu strzeleciać zasadł w powodzić;\nPodeszcze wszystkich widział jej szlachty jeszcze: na dowo!\nCzy nie tylko uczu strzelbo ciochylil,\nNie za na koniem szpiegi nie w kojmierzyna,\nI drugiej duł się po dziecięciu — sąsiadnie naczynnym — Do rzekłem przerwykli — Jance żeby niezdrzy w niech rozpiewnie lubsy ramiosny;\nTyle albo jak pochodził, że wielkich obtyła\nZ karcha pełnie kłó"
  },
  "extra": {
    "train_time_s": 1813.5639851093292,
    "best_val": 1.8056892156600952
  }
}