{
  "name": "05_minigpt_quick",
  "hyperparams": {
    "block_size": 32,
    "n_embd": 64,
    "n_head": 4,
    "n_layer": 2,
    "dropout": 0.0,
    "lr": 0.003,
    "batch_size": 32,
    "max_iters": 1000,
    "n_params": 113886
  },
  "iters": [
    0,
    50,
    100,
    150,
    200,
    250,
    300,
    350,
    400,
    450,
    500,
    550,
    600,
    650,
    700,
    750,
    800,
    850,
    900,
    950,
    999
  ],
  "train_losses": [
    4.352462291717529,
    2.7551448345184326,
    2.6185288429260254,
    2.5403456687927246,
    2.493237018585205,
    2.4383320808410645,
    2.397367477416992,
    2.3409881591796875,
    2.3260350227355957,
    2.288299560546875,
    2.276554584503174,
    2.268048048019409,
    2.2297472953796387,
    2.233694076538086,
    2.1790359020233154,
    2.175304889678955,
    2.1692323684692383,
    2.1458518505096436,
    2.136559009552002,
    2.1396031379699707,
    2.115017890930176
  ],
  "val_losses": [
    4.356661319732666,
    2.757067918777466,
    2.6050422191619873,
    2.5720489025115967,
    2.5297632217407227,
    2.462548017501831,
    2.475382089614868,
    2.3923518657684326,
    2.3752732276916504,
    2.3279404640197754,
    2.3498024940490723,
    2.3044447898864746,
    2.280188798904419,
    2.2624433040618896,
    2.2335689067840576,
    2.230407238006592,
    2.2214882373809814,
    2.2079994678497314,
    2.2044830322265625,
    2.193758487701416,
    2.196301221847534
  ],
  "samples": {
    "Litwo_T1.0": "Litwo, ojczyzno moja,\nGtarną zasów niego szuch niedł Rejtki rą pareszem usócy;\nW tośniem pan konownik pożpiądy;\nOpadki trzypaczył — polmiki i tylkach borzyć nię utrzyki,\nI do hsię! Lisz, to ma dłutęmi ka budziesząca!\nWytej zaskęmi stronc jakie się poniem ustaczy,\nOdbyzty hola, gdy za pod datwią ając przebał ojeg.\n\n     Pomiów; przyinną z tedu, choć nim szmę najeplicy, gnęcznie pięty Moskię, jej niże na za ustrem\nPodmniów Zamiał wkłyślia mi z nicowymi,\nAł nie błachodki, na głuwał, zlas głodzi\nUmiądowę tam rugośny tó",
    "Litwo_T0.7": "Litwo, ojczyzno mojał parze się dotrzych głuch znałaczął:\n«Jeśli z, że przecz więznowie, że pował po marskawie na partu, trabia o skach dziery\nI słóch trzybary tak razego u rąbie,\nByła od poranikieroną skrych usięgachem,\nUtwnicy utrzyłościał on kartów jak w zachodzieć i wyżył mołodzi mucha ostem prośmiał czeszka, kto ogadnął w parboro,\nŻe pokołby przychmy jak krzychli poczyła doczy spytawny usiary,\nI rami z dosiera z albatr bie. Resztą na — po wiela lista kupada:\nTuszał przestkiejsia miewa strzecz z zawnący,\nGdzicz",
    "Soplica_T0.8": "Soplica wych dobrał waży milnimi,\nI wieczeńci na głonic rącym miętały ściski;\nPrzeję przyspod dzieci uciałaszach z polwy!\nRozkołał, na obla Muszył po larkiego się wierońca brocie —\nJego dworzyjła się z konianąć zaniczy:\nBóż, porspadrawa tudkiem miejska — za powstrzypan dziegodzi krąc się pan kozi,\nWtolętać i szelny rykrę, nie rwej w rógnął a liczek,\nObrazy, kropiera, miał nowu skór palew:\nWszysłatną w ja"
  },
  "extra": {
    "train_time_s": 18.527966022491455,
    "best_val": 2.193758487701416
  }
}