{
  "name": "05_minigpt_b64_e64_h4_l4",
  "hyperparams": {
    "block_size": 64,
    "n_embd": 64,
    "n_head": 4,
    "n_layer": 4,
    "dropout": 0.0,
    "lr": 0.0003,
    "batch_size": 64,
    "max_iters": 3000,
    "n_params": 215518
  },
  "iters": [
    0,
    120,
    240,
    360,
    480,
    600,
    720,
    840,
    960,
    1080,
    1200,
    1320,
    1440,
    1560,
    1680,
    1800,
    1920,
    2040,
    2160,
    2280,
    2400,
    2520,
    2640,
    2760,
    2880,
    2999
  ],
  "train_losses": [
    4.595439910888672,
    3.0008511543273926,
    2.7422149181365967,
    2.645946741104126,
    2.581148624420166,
    2.541687488555908,
    2.499974489212036,
    2.4877817630767822,
    2.4581902027130127,
    2.4224371910095215,
    2.3878941535949707,
    2.354764461517334,
    2.3228516578674316,
    2.309453010559082,
    2.2859342098236084,
    2.2663090229034424,
    2.2549290657043457,
    2.2279515266418457,
    2.211559772491455,
    2.1943726539611816,
    2.192192316055298,
    2.15262770652771,
    2.1513309478759766,
    2.1496598720550537,
    2.117927074432373,
    2.0992836952209473
  ],
  "val_losses": [
    4.603575706481934,
    3.0186562538146973,
    2.7577133178710938,
    2.6585285663604736,
    2.601802349090576,
    2.5584521293640137,
    2.5305633544921875,
    2.502432346343994,
    2.4807419776916504,
    2.4415969848632812,
    2.4153289794921875,
    2.391702890396118,
    2.3727896213531494,
    2.3462026119232178,
    2.3264517784118652,
    2.30241060256958,
    2.2989776134490967,
    2.278599262237549,
    2.2603812217712402,
    2.2541732788085938,
    2.2402939796447754,
    2.2254719734191895,
    2.199585437774658,
    2.186116933822632,
    2.1650376319885254,
    2.1610465049743652
  ],
  "samples": {
    "Litwo_T1.0": "Litwo, ojczyzno mojarza,\nMa słoinycy do ślatach Bałamiem słę pod obuby\nCzary kalnęciaczków dBrzłony odalu;\nWojscza róstoficeś; ci ramucóch skola,\nZapobe — rzenie jeszczeż, marmera,\nTam, ten głównot, tak — pościeczę małgany,\nA go prukówy staknię w iz skrzyna pamns — nogwy w Tenajmi;\nI w bajmnijosk zena chale karema, świeczeze.\n\n      Migarostac szapad paszapi najnierznyców,\nDo zdajŻenę i tąscy bedne wioła.\nWkredami się sieliczent w wognaska,\nKaski z kichony rana i przeste na że jużęty szlachy,\nRoczy kabu zdarnyją se",
    "Litwo_T0.7": "Litwo, ojczyzno moja.\nKtórę lada na gładzie ksiąd nastalim żej w podarzem:\nChwią kłuchadzia wychać na laskowici się dliczowie,\nLet, powieczy za toźrzy zajuczych się opatem?\nZ to starzen sile po przestowa i domu szobie górkomi,\nJakanier, kofenić walby zna gomi, z casuska:\nI pozmienionie zwóżnema wiedzi baczosiem.\nNie falcące zakał się Dobie na móg iar gdziem,\nMołową stacha siedźnie taraz w torę z gosiczem,\nJaż czysie się szami po miechorza od po na starzerz łodzi,\nKtozy i czostać dromacem owy mi się zamiał,\nI go się",
    "Soplica_T0.8": "Soplica u córcz zaszłałami swecwych brawy się ksiądza,\nA do jak liszną tanka o na bojczoście szerszy,\nZrędzice zali się czwie zręki warazej:\nTo chcianne: Zraga na na wszardze dramią przymiecem\nCo ce zaloda nie znawajew nazdada drada poczysnik,\nKtóły i do od Skute z wzeczna owie sarzewuczy,\nPrawy prasłumi z kona lenicie,\nCharę widarz, pody i zewśliczały się wykonka.\nWiedem go domu ukołszą, Obake tak obrzu"
  },
  "extra": {
    "train_time_s": 243.66526293754578,
    "best_val": 2.1610465049743652
  }
}