{
  "name": "05_minigpt_b64_e96_h4_l4",
  "hyperparams": {
    "block_size": 64,
    "n_embd": 96,
    "n_head": 4,
    "n_layer": 4,
    "dropout": 0.0,
    "lr": 0.0003,
    "batch_size": 64,
    "max_iters": 3000,
    "n_params": 470686
  },
  "iters": [
    0,
    120,
    240,
    360,
    480,
    600,
    720,
    840,
    960,
    1080,
    1200,
    1320,
    1440,
    1560,
    1680,
    1800,
    1920,
    2040,
    2160,
    2280,
    2400,
    2520,
    2640,
    2760,
    2880,
    2999
  ],
  "train_losses": [
    4.590047359466553,
    2.8131632804870605,
    2.6331984996795654,
    2.565117597579956,
    2.503859043121338,
    2.466526508331299,
    2.4132907390594482,
    2.3558194637298584,
    2.312312602996826,
    2.2828269004821777,
    2.250380516052246,
    2.2225687503814697,
    2.1959187984466553,
    2.164816379547119,
    2.144674777984619,
    2.126216411590576,
    2.089040994644165,
    2.0712647438049316,
    2.0378994941711426,
    2.025984287261963,
    2.0221993923187256,
    2.002281665802002,
    1.9879707098007202,
    1.9572265148162842,
    1.9457429647445679,
    1.9267771244049072
  ],
  "val_losses": [
    4.591396331787109,
    2.8063762187957764,
    2.643918991088867,
    2.569941997528076,
    2.5201804637908936,
    2.482741594314575,
    2.4297516345977783,
    2.3891537189483643,
    2.3444199562072754,
    2.313305616378784,
    2.286881685256958,
    2.265946388244629,
    2.251070261001587,
    2.2078142166137695,
    2.1884360313415527,
    2.1822776794433594,
    2.165818214416504,
    2.1395411491394043,
    2.1191604137420654,
    2.110166072845459,
    2.098066806793213,
    2.0833754539489746,
    2.0644402503967285,
    2.0531437397003174,
    2.028702735900879,
    2.02056884765625
  ],
  "samples": {
    "Litwo_T1.0": "Litwo, ojczyzno mojać;\nWłasnyi Hrabia maść siebiej gości,\nI myślaszacha Pojomiene puzieje cuszli!\nRozuja, U dobie Ekoma trawał ściadania.\n\nA   Hrabuszę zjak dziewalono, więkny kui,\nRęczekł od growimi zaplekiczka; Rejenków grzębem — Krap panieś Wojci poci,\nWychorawi Wieć w Jennej na księdzo dro,\nLedwaście na w porpód sułem potrzej miosił,\nDzięstań Mojosku nie gdy szojetam dniej króle,\nAli do na lemfą doto cienie, jak kwiócili\nWyse znają krzyku basy, skłonicha — ma i a to krocewa probie\nIlsu i lagi, waść kwikieś pros",
    "Litwo_T0.7": "Litwo, ojczyzno mojały tak wiecianiewy\nWieszał się wyczunie starzycie, wysołem wyceli.\nStwo? pierwszy piędział sinę skurzy skoła.\nOn w maż grofi! Naprawie z pojącał, wystrzał Bo dyków;\nJuż miałem wnięcie przy prawne krzyka;\nPowiąt w w schejci na marszecz łowych wiedzie,\nCzukławam pochośniał się lada,\nPany u z z za ucią chciało biera przemieniał.\n\n      Lecz rozmu ombie przecz słupią na służni\nNa swej, nie krzkierwsząg od skrór: wszym z wrocielę,\nWystawię mamieszkiej o szepienie trzymienie\nTu mu kropiwiem, odewczyna",
    "Soplica_T0.8": "Soplica,\nBez o dworem. «Ona tem czas od powiedzienie tymał\nPów z słodę i chła wywie z się warzelnie jaki:\nJakż ja wócze. Hrabia, perwnie woliczy;\nWiedzie limowieścia wychał płokiej w szłański.\nCzarą jak się z się trobako macie w dusiał,\nZa wieszczyna w dwora zni wytareszkiem.\n«Styż dorewne wzekała znapewiły w miekłym,\nTak w Bójtwa tym na kluska wzietwik w biercie:\nWypem po po robięć, w napomiedzie droga,"
  },
  "extra": {
    "train_time_s": 362.23016119003296,
    "best_val": 2.02056884765625
  }
}