{
  "name": "05_minigpt_b128_e128_h4_l4",
  "hyperparams": {
    "block_size": 128,
    "n_embd": 128,
    "n_head": 4,
    "n_layer": 4,
    "dropout": 0.1,
    "lr": 0.0003,
    "batch_size": 32,
    "max_iters": 4000,
    "n_params": 832350
  },
  "iters": [
    0,
    160,
    320,
    480,
    640,
    800,
    960,
    1120,
    1280,
    1440,
    1600,
    1760,
    1920,
    2080,
    2240,
    2400,
    2560,
    2720,
    2880,
    3040,
    3200,
    3360,
    3520,
    3680,
    3840,
    3999
  ],
  "train_losses": [
    4.599878787994385,
    2.680443525314331,
    2.5907070636749268,
    2.5333924293518066,
    2.496046781539917,
    2.458697557449341,
    2.4137539863586426,
    2.360565185546875,
    2.3061490058898926,
    2.2516822814941406,
    2.2241668701171875,
    2.1803956031799316,
    2.1569759845733643,
    2.1265246868133545,
    2.092231273651123,
    2.059415817260742,
    2.034792184829712,
    2.018510341644287,
    1.975946068763733,
    1.9632896184921265,
    1.9379336833953857,
    1.9365832805633545,
    1.9344720840454102,
    1.8952242136001587,
    1.8786512613296509,
    1.8550503253936768
  ],
  "val_losses": [
    4.598594665527344,
    2.6817898750305176,
    2.598238706588745,
    2.5491764545440674,
    2.5147035121917725,
    2.476750373840332,
    2.4258029460906982,
    2.376220941543579,
    2.327629327774048,
    2.302574872970581,
    2.270967483520508,
    2.2167162895202637,
    2.206031322479248,
    2.1855156421661377,
    2.154977321624756,
    2.1367032527923584,
    2.1061031818389893,
    2.080612897872925,
    2.069950819015503,
    2.058274984359741,
    2.0169854164123535,
    2.012791156768799,
    2.009437084197998,
    1.9909003973007202,
    1.9808075428009033,
    1.9691989421844482
  ],
  "samples": {
    "Litwo_T1.0": "Litwo, ojczyzno mojaja czuci, a łum,\nGelnowny, że powioru, który nie łapiony\nBercym w dziwny stolczem dusza, ślasno poleconu.\n\n   Domory zaśpili pracian tej to mnielu tylkaź,\nTak na tyczassta i Sędzia tylko czaskumi;\nAm nasza zzaczeńca się sopu ziękić; za grodził,\nJeszczałowych, najdzo dziś, widzą, jako jest hłuci\nOpiance od Hrabiont mrzy aż źrzecz rozsłą panów górugi.\n\n   Kaszego i zbieszeców łz w rozrócy kończał,\nDo ten hazu — wóżdni! Ze zaszu, Robak z przy różno».\nCito krzas będzie w oczy rusku telczną; przytani",
    "Litwo_T0.7": "Litwo, ojczyzno moja przedzie\nSkoczedzie za na wiorak strzyżnia w buchać.\n\n    «Czy szarecz — rzekł — rzystrzenie — rzecz mnosie znaścione,\nO to marte ja w szerca w brzysławszy prawów;\nA się do spojrzyńsku w wycząsnym starzyć radził\nW razesz: «Zakowa — rzekł — wzięce — urmania, wieszkach ranie,\nJeszcze nad na wycharczył się całem odmienie,\nW skończył nie szerek postanem małem do muję,\nCzy poczy powiwskich wieszczeli sanie w wstawie,\nAle to staną: «Ja wielkie tych więc Soplicowie\nI wszyscy szepli o w przyjada, ten j",
    "Soplica_T0.8": "Soplica\nNim nasze skilich nie presznocu i drugie najpóchnem:\nPrzed Każda pilowszec, rest na możył spojrzaci.\n\n   Tadeusz na Sędzia to wiedział w półkiem,\nNim stanfartą milczają i śniej wielki nie dreszczy.\n\n   «Bropu — drogijęcie Telimeny — złodzia — ołowa — Teraz urękaz — wierz jeszcze nie miom och strona dalniga;\nBędzy do — krzyknął trzebu, prostumy potorzekł,\nNa tylko dwóch czeli trzeba na stołu posob"
  },
  "extra": {
    "train_time_s": 888.7006220817566,
    "best_val": 1.9691989421844482
  }
}