{
  "name": "05_minigpt_b128_e96_h4_l4",
  "hyperparams": {
    "block_size": 128,
    "n_embd": 96,
    "n_head": 4,
    "n_layer": 4,
    "dropout": 0.1,
    "lr": 0.0003,
    "batch_size": 32,
    "max_iters": 4000,
    "n_params": 476830
  },
  "iters": [
    0,
    160,
    320,
    480,
    640,
    800,
    960,
    1120,
    1280,
    1440,
    1600,
    1760,
    1920,
    2080,
    2240,
    2400,
    2560,
    2720,
    2880,
    3040,
    3200,
    3360,
    3520,
    3680,
    3840,
    3999
  ],
  "train_losses": [
    4.6410017013549805,
    2.7426037788391113,
    2.6203789710998535,
    2.570359230041504,
    2.533648729324341,
    2.5109469890594482,
    2.4832544326782227,
    2.4593827724456787,
    2.4328622817993164,
    2.3869357109069824,
    2.343351125717163,
    2.3076510429382324,
    2.2806570529937744,
    2.2479248046875,
    2.2211384773254395,
    2.1855552196502686,
    2.164874315261841,
    2.1451961994171143,
    2.1237287521362305,
    2.1047909259796143,
    2.087315320968628,
    2.057781219482422,
    2.043194055557251,
    2.0231637954711914,
    2.0219459533691406,
    2.0106008052825928
  ],
  "val_losses": [
    4.6516594886779785,
    2.7490408420562744,
    2.6440682411193848,
    2.5859146118164062,
    2.555939197540283,
    2.5285065174102783,
    2.504329204559326,
    2.4894566535949707,
    2.449878215789795,
    2.412911891937256,
    2.369080066680908,
    2.3553385734558105,
    2.3152999877929688,
    2.2736754417419434,
    2.272618055343628,
    2.231968879699707,
    2.2184348106384277,
    2.204885482788086,
    2.178596019744873,
    2.1648144721984863,
    2.1332192420959473,
    2.1200413703918457,
    2.1168270111083984,
    2.0749149322509766,
    2.0937159061431885,
    2.066772699356079
  ],
  "samples": {
    "Litwo_T1.0": "Litwo, ojczyzno mojały?\nVierało po czaska Gerwaź z goty.\n\n       Alec mem, mo bo wz, rabiwielu patogiu,\nAle mołenęł się obrała wyczczyliwa, i gości,\nZ nogo gdziło wiat słudowe, odo na i miono:\n— rozbrać dowóżnąc — gdzie sło się jak wmiodzienie\nPaglek, czuczwach świeci dwoli w odsień i chusziła.\n\n    Tymem welkonie Móźr: wiąk jak wstkiej jak pognie!\nI czy hyśliła megótka: przetry kułkieda,\nStoła, baż Pełupytem wroczył o dobróczani,\nŚmyśliwie dziej głody z ślatko ku!»\nSercekowem — więtąć zadnęć i Szarkarch sługiec.\nN",
    "Litwo_T0.7": "Litwo, ojczyzno moja zna zamiju,\nTrzelim czyśli były się Howiadał ręknie,\nKtóra hwilniej za doczys przelasem dłasząca,\nChciąż podkomo w bogichwu z wierwach, dumie miałe:\nPanie *Stabą z na trzymanie i w niezwonie\nBrzyła się na wypowała, z gdy przybabrzy swara,\nMajem na słuciągnął w zalem zaroski,\nI poczasów krzepóranie siędzie konie,\nJak się zgrzec się się w powas zamiał podka:\n«Niej — kto pano — Gdybą z krwelicz — krzykła jak — parz jak dam Sopukać;\nChławąc Wocie i z poczy costarna Bóg w krzyczywał.\nW polecz siedzi",
    "Soplica_T0.8": "Soplica szchciał nie nie były,\nI ały, że sto był widziny jak przecz znościem:\nW wytawi na wielkniem powodziedzież się w co siercę\nI w się padło oiciesz wchładać dłowni się,\nSlarz się gdy poleprzynymastwo na się znię,\nI tędzie szluchkał się żartytał; zawy pochło i potym,\nNie ładze sługą; a tym nie tej nie bu dogani\n\nJak żego widział pocie; motarzem, w podkochał.\n\n      Te wastko zdotą z takom przeczy rzez"
  },
  "extra": {
    "train_time_s": 867.3186638355255,
    "best_val": 2.066772699356079
  }
}