{
  "name": "05_minigpt_b64_e96_h4_l6",
  "hyperparams": {
    "block_size": 64,
    "n_embd": 96,
    "n_head": 4,
    "n_layer": 6,
    "dropout": 0.1,
    "lr": 0.0003,
    "batch_size": 64,
    "max_iters": 4000,
    "n_params": 693790
  },
  "iters": [
    0,
    160,
    320,
    480,
    640,
    800,
    960,
    1120,
    1280,
    1440,
    1600,
    1760,
    1920,
    2080,
    2240,
    2400,
    2560,
    2720,
    2880,
    3040,
    3200,
    3360,
    3520,
    3680,
    3840,
    3999
  ],
  "train_losses": [
    4.501655101776123,
    2.7002973556518555,
    2.5592713356018066,
    2.485239267349243,
    2.4244744777679443,
    2.341386318206787,
    2.2795097827911377,
    2.2317416667938232,
    2.1945393085479736,
    2.155961513519287,
    2.115166664123535,
    2.0902464389801025,
    2.0526180267333984,
    2.024047613143921,
    1.982330083847046,
    1.976149559020996,
    1.9498485326766968,
    1.9209442138671875,
    1.9066579341888428,
    1.8748337030410767,
    1.873260259628296,
    1.842876672744751,
    1.8328666687011719,
    1.8244158029556274,
    1.813802719116211,
    1.797358751296997
  ],
  "val_losses": [
    4.504006862640381,
    2.712294340133667,
    2.572599411010742,
    2.512747287750244,
    2.4353220462799072,
    2.364656925201416,
    2.3272650241851807,
    2.2808425426483154,
    2.2413623332977295,
    2.20051646232605,
    2.1609368324279785,
    2.1288623809814453,
    2.122387647628784,
    2.085239887237549,
    2.062666416168213,
    2.0377583503723145,
    2.0286717414855957,
    2.0007128715515137,
    1.9924421310424805,
    1.9759305715560913,
    1.9599559307098389,
    1.9384546279907227,
    1.9262853860855103,
    1.9333168268203735,
    1.917854905128479,
    1.92740797996521
  ],
  "samples": {
    "Litwo_T1.0": "Litwo, ojczyzno mojastąm wiecz całoświe.\nW książa on łacto kątercu się rękowarzy,\nW drogim, skrach dworzych rzyniejszy jako pewny\nCielko, że ciągne wojniku, szlachtym, cich żołny\nI oknie, dźwiedział widny śniecież Sędzia erwał;\nZ Bierwała ti ścis, strzeleć złoOniec godobaRy,\nPowę jak z strzelecie: Bochwa mu kajoni,\nJuż zarożny okrawdziwych powiadarz mowieni\nZa końculał sam pat suciem i wielkie kłóki wierz,\nTo skrzylica, a skrono zamku liku, dobraOni,\nZarściuje, wyraż przebaj świąz niebie wroże;\nDobrzynął wrzesły si",
    "Litwo_T0.7": "Litwo, ojczyzno mojan zawróciłem,\nTun młodzież chciałem zamku drzewa pierwszy dobrzy\nOjczyno w zamku z długo na przezed drugiej wielkiem dziecie\nZachylał, się się: z to w grzyma jej wielkiej zamienie\nBo przez koło Robak bernie wiadły z obak kropią tobie\nI z stanku listu jak w chodziewiał wielkie w liska.\n*Stego w więc jego na winnę i na wolnik się w Wojskiewać,\nMoże ruch w stałem dale pod Klucznikowiej kitałem.\n\n    Sędzia odbiegło jako jak w miejski, mnie ustały\nPolak przy obiegł ciągnął się przebaczyli,\nPorku się",
    "Soplica_T0.8": "Soplica alesoba stań bawieńskich, źród się Soplicowie,\nRozci się wielkie zawole, za dziewienie zwycięta,\nA jako z góry świecie wierzek do zawielany\nW izbryż dworu smury był wielkiej gradach,\nTo serce z wiszczyznie, wielko zachyto zaczął,\nA to tak dla za już drurga twarzy mi wiasny.\nRozor przecież włosko, gdy bo jak było na był cie wszyscy,\nTaką pad w ozdusz warsmu zwyciąż z kłótnie.\n\n    Telimeną siedziw"
  },
  "extra": {
    "train_time_s": 909.8564937114716,
    "best_val": 1.917854905128479
  }
}