{
  "name": "06_extended_2p7M",
  "hyperparams": {
    "block_size": 128,
    "n_embd": 192,
    "n_head": 6,
    "n_layer": 6,
    "dropout": 0.1,
    "lr": 0.0003,
    "batch_size": 32,
    "max_iters": 10000,
    "n_params": 2726878
  },
  "iters": [
    0,
    333,
    666,
    999,
    1332,
    1665,
    1998,
    2331,
    2664,
    2997,
    3330,
    3663,
    3996,
    4329,
    4662,
    4995,
    5328,
    5661,
    5994,
    6327,
    6660,
    6993,
    7326,
    7659,
    7992,
    8325,
    8658,
    8991,
    9324,
    9657,
    9990,
    9999
  ],
  "train_losses": [
    4.27154541015625,
    2.51707124710083,
    2.2985262870788574,
    2.1410300731658936,
    2.03411602973938,
    1.9291133880615234,
    1.8403005599975586,
    1.7872354984283447,
    1.7362045049667358,
    1.6813812255859375,
    1.6514427661895752,
    1.6192772388458252,
    1.5912210941314697,
    1.5563081502914429,
    1.5201239585876465,
    1.5049329996109009,
    1.4723882675170898,
    1.469597339630127,
    1.4460855722427368,
    1.4208513498306274,
    1.4018434286117554,
    1.3776735067367554,
    1.349071979522705,
    1.3271955251693726,
    1.3025658130645752,
    1.2990728616714478,
    1.2654249668121338,
    1.2587482929229736,
    1.246274709701538,
    1.2347915172576904,
    1.2029300928115845,
    1.2030426263809204
  ],
  "val_losses": [
    4.269133567810059,
    2.5361247062683105,
    2.3500924110412598,
    2.2118799686431885,
    2.079822540283203,
    2.014164447784424,
    1.9574788808822632,
    1.9149945974349976,
    1.8756077289581299,
    1.854693055152893,
    1.8035194873809814,
    1.7958635091781616,
    1.7822301387786865,
    1.7588775157928467,
    1.7554279565811157,
    1.800054907798767,
    1.7600570917129517,
    1.7757885456085205,
    1.742108941078186,
    1.7572832107543945,
    1.7517502307891846,
    1.741400957107544,
    1.7641624212265015,
    1.7536849975585938,
    1.744246244430542,
    1.7786213159561157,
    1.7492656707763672,
    1.7751681804656982,
    1.7461588382720947,
    1.7748056650161743,
    1.778881311416626,
    1.751957654953003
  ],
  "samples": {
    "Litwo_T1.0": "Litwo, ojczyzno moja drugi.\nJe nie był go wróble naszą obszczęty,\nKrwią i jak z cuga dzwon Sakiem dostały,\nOdparłszy do skutku, takąwszy wzgląd do nich Wojski.\nW Aoniec już nas zjawił się chwał się nad rozmową,\nI jeszcze zawsze się z przodu jakby w domu.\n\n    Do zawiesz przy nim swoich domu zgromadzenie.\nOstróżny trzykroć od ust to wielkiego nogami,\nA w polu ukazał skargy bujać i stuki.\n\n    W tatykich stary płamiętą deszkole dlintą.\nTam dawni procesów nim nie corgi przy zważa;\nBo znam cnudzić; najpiękniejszej anikowie!»\n\n    «Ekonom został Maciek, a tylko nie działo,\nNie dziwa iskopoląc zrobiła! Jenadali.\nPrzyzn",
    "Litwo_T0.7": "Litwo, ojczyzno moja siedzą?\nMożem jej zapomniać wyprawy ludzki,\nJeśli kozyka, w galop jedynek mówił,\nMy albo czy wielki z tych lekkim wracać się do młody.\nNie tak przysięgami pomnieć w pomród zwrócił,\nTyle się z Podkomorzy, po co tym rozdziela\nDwa starych jest mam i z miejscem twojej nie mała,\nZ wóz sztuką brama na koniec stał podskarnie,\nKtóry często za dni panem na ściany wiecie;\nI zaczął wielkich zapala na wyraz się zwrócił,\nNa jak nieszczęściem, i masło nas przeszli na dziecinne,\nI z kim podniesionymi strażą krzycząc, pod który\nPono słychać było także szczęście przyjacielem.\nTylko słysząc, że go nie jedna tr",
    "Soplica_T0.8": "Soplicami, w nim wywiecie,\nJadąc Hrabia, już na koniec progu.\nStają z niewolny na dziedzic w nim takiej pociecie,\nJeżeli kocham dobra, kto chybie się chciał\nNa włoście rozprawiać i wszystkie powiadać.\nCzy też, jakeś dochodzą się uciekać,\nCzy jej strzelców; dzieciństwa była we mgłości\nDla dostatuje, czyli na stoją kraju,\nZ szkodą weszłe legkać i wielka był duchy\nZ Wilnie wyszedł książę ręce z okolicy.\n\n  ",
    "Telimena_T0.8": "Telimena wielka zawierząt tego czułek;\nOdkryły się nam wsiadałem nabiłe\nI mógłbyś, jako się może stojące\nI po dwór miałem jak gromady na wiecie.\nTrzeba — odwrócił na siebie: ja jenerał\nChciałem od dziedziczny od słońca do domu pana».\n\n    Starsza coraz nie Hrabia, gadać wyjdź do kłany;\nWiem, że to jest w szkoda nie mogląda z dołu,\nI nas nie waszeć trzeba nasze, grzmiano upadło;\nMalej co myśliłem… wszyscy "
  },
  "extra": {
    "train_time_s": 4535.689404010773,
    "best_val": 1.741400957107544
  }
}