{
  "name": "06_extended_1p2M",
  "hyperparams": {
    "block_size": 128,
    "n_embd": 128,
    "n_head": 4,
    "n_layer": 6,
    "dropout": 0.1,
    "lr": 0.0003,
    "batch_size": 32,
    "max_iters": 10000,
    "n_params": 1228126
  },
  "iters": [
    0,
    333,
    666,
    999,
    1332,
    1665,
    1998,
    2331,
    2664,
    2997,
    3330,
    3663,
    3996,
    4329,
    4662,
    4995,
    5328,
    5661,
    5994,
    6327,
    6660,
    6993,
    7326,
    7659,
    7992,
    8325,
    8658,
    8991,
    9324,
    9657,
    9990,
    9999
  ],
  "train_losses": [
    4.462650299072266,
    2.5535011291503906,
    2.467849016189575,
    2.340986967086792,
    2.2266910076141357,
    2.1471662521362305,
    2.0738532543182373,
    1.9976170063018799,
    1.9520599842071533,
    1.903101921081543,
    1.8612797260284424,
    1.8294016122817993,
    1.7763183116912842,
    1.756119728088379,
    1.7191015481948853,
    1.7096220254898071,
    1.677822470664978,
    1.6598091125488281,
    1.641789197921753,
    1.620065689086914,
    1.6029062271118164,
    1.5845775604248047,
    1.5808662176132202,
    1.5672024488449097,
    1.5542523860931396,
    1.5336825847625732,
    1.5297671556472778,
    1.5115025043487549,
    1.5044218301773071,
    1.493333101272583,
    1.4766982793807983,
    1.4832335710525513
  ],
  "val_losses": [
    4.462677478790283,
    2.581329822540283,
    2.4909605979919434,
    2.3621973991394043,
    2.2844150066375732,
    2.197343349456787,
    2.126427412033081,
    2.0814504623413086,
    2.0213513374328613,
    1.9961521625518799,
    1.9517990350723267,
    1.9273059368133545,
    1.919973373413086,
    1.9146754741668701,
    1.8672263622283936,
    1.8392060995101929,
    1.8266655206680298,
    1.829982042312622,
    1.8216841220855713,
    1.8076664209365845,
    1.7794952392578125,
    1.761936902999878,
    1.7601573467254639,
    1.754667043685913,
    1.7591428756713867,
    1.7474168539047241,
    1.7429977655410767,
    1.7547142505645752,
    1.722111463546753,
    1.7462482452392578,
    1.7539504766464233,
    1.7145847082138062
  ],
  "samples": {
    "Litwo_T1.0": "Litwo, ojczyzno moja i jada czeka:\nChcąc Gerwazy wojsków! aż z kądzieli tak konopole\nCzyż tajemno do krewne szturmem słany,\nPodwolała się najwinne wielkim widni, że mu wyraźnie!\nJakoś u daleki mocnie czas w tych szlachciców,\nJak wilk w prawów się cudziemu chartów kolę,\nKtóre bija w okapewności, a pod nich świeżodniejszy,\nA moi cała dzieckomo, ptaki stadał,\nKról na każdej się, Sędzia nad szlachcic ze szlachciców honorowie,\nA do której mercian nie pęk człowiek ludzi służą,\nKtórą będą się od skarczmy; odlecz się, a zura,\nDrzewa się pod gromadę dzisiąć błystki,\nOdmyknął więc, lecz tak u boru. Klucznik oddziśnie\nTak ś",
    "Litwo_T0.7": "Litwo, ojczyzno moja.\nWszak się w przypomniej strony w listej swej stary,\nUrodził ważne w śród postawie i swe sobie\nTe zbiera przymawia koty, o wydawał po okoja.\n\n    Ale w grzesze rycerów kwiaty w kilka zapole,\nSzyjąc przy okulesza na głową przeznudze,\nWszystko w środku i wczora w tym był mu boju,\nZosia szczernie z nich do Podkomorzy i wszystko się przed śmiele!\nDo ziemnem pana Mapiastu podbiegła pod siedzi,\nChoć za swoich i tak swawe służył się noc szyję,\nCzy mówiąc z bez mnie młodzież u gwartym sercem,\nJak się w lepszym malarzemu i biegło od sztukał,\nŻe gdy się on, gdy był to się choć wypolana,\nPodbiegł mu Pro",
    "Soplica_T0.8": "Soplica niepomnie hasło,\nU którego chmur wydybrany, jedne szpiegi.\n\n    Pięc z Hrabia — rzecze srebrny, pod tych chce bardzo sławie;\nChoć dróżnych jest piec się rudzonych krzyż brajnonicy:\nKtóre był w ręku rogowatów zamek się szlabu».\n\n    Tymczasem widział, że myśliłem, nie mógł pilnie bardzo,\nWszyscy ku są jak wpadał na głową zmienić.\n\n    Wszyscy pole szlachtactwo z wodna szlachcica,\nI spór buny, w cw",
    "Telimena_T0.8": "Telimena\nWysoków murawiając się, lecz tej zniesionę,\nPoznał się u księżyc złocie, aby na drżący!\nWidziałem się z broni, jak która się myło,\nOd który wstawił z powiatych biegaler bronę,\nOd strzelcy, że jeszcze zakończył sprawy,\nWięc po uważając się dalej strona,\nKapelusz ponad w rozesza, jak sam napewnie zawsze gospodar,\nA siedział wielkim czyściem wieśnie siedzi,\nPowszechnym całem się wielkich podobnych,\n"
  },
  "extra": {
    "train_time_s": 3098.7003712654114,
    "best_val": 1.7145847082138062
  }
}