{
  "name": "07_1min",
  "hyperparams": {
    "block_size": 32,
    "n_embd": 64,
    "n_head": 4,
    "n_layer": 2,
    "dropout": 0.0,
    "lr": 0.003,
    "batch_size": 32,
    "max_iters": 2500,
    "n_params": 113886
  },
  "iters": [
    0,
    125,
    250,
    375,
    500,
    625,
    750,
    875,
    1000,
    1125,
    1250,
    1375,
    1500,
    1625,
    1750,
    1875,
    2000,
    2125,
    2250,
    2375,
    2499
  ],
  "train_losses": [
    4.352462291717529,
    2.5774924755096436,
    2.430523157119751,
    2.3562042713165283,
    2.2729756832122803,
    2.2339015007019043,
    2.2068982124328613,
    2.160015106201172,
    2.112600803375244,
    2.0762972831726074,
    2.089646577835083,
    2.062343120574951,
    2.034029960632324,
    2.0208163261413574,
    2.004751205444336,
    1.9693210124969482,
    1.9630428552627563,
    1.9523639678955078,
    1.965660810470581,
    1.9216200113296509,
    1.8962125778198242
  ],
  "val_losses": [
    4.356661319732666,
    2.60170578956604,
    2.4383015632629395,
    2.3679633140563965,
    2.2996246814727783,
    2.2984509468078613,
    2.244645595550537,
    2.1909985542297363,
    2.1993634700775146,
    2.1660304069519043,
    2.16983962059021,
    2.131216526031494,
    2.1059930324554443,
    2.0967133045196533,
    2.099742889404297,
    2.0563931465148926,
    2.056903839111328,
    2.0684709548950195,
    2.0292105674743652,
    2.044820785522461,
    2.0500028133392334
  ],
  "samples": {
    "Litwo_T1.0": "Litwo, ojczyzno moja.\nNie pięłów mieszków, ludził, nie przem?\nNik na locąd zlebiłodniem górę. Tadeusz pani dla zwyny; z mają zatr przyszyszę,\nZanowu ted mielonej poczony zamą szczynę.\n\n      Szyk zamiani, podbinny czyry stronie;\nAż ją nad ksiądzić każdy ziomuch.\n\n      Tadeusza Machem, ożedynek, nadłowym,\nDwie «Jaka; jeszczasz zdarkiem jako lub taczon mazym,\nKarciśnia skróty z obucnisną!\nKolicoście gąd szlałym scersk",
    "Litwo_T0.7": "Litwo, ojczyzno moja, mój mi słuch się zamy.\nTak leszczy i szyszała śmiech na nachu ruczoku.\n\n    Tadeuszan Moza — za kiwolim Widowa — rzekł Klucił — za trzymał Długość,\nChocie o ciągnie ludzie do poprawi\nWszystka wieczerz, nie pomni grzechać,\nKtóreszki zaści szeroka z nad tuki waszał tylko z upijało na przedłupełuszny.\nMach i za zdawisłony od tylko ręku zamknął\nI pasiedził biedne przeczynne to pojem.\n\n    Hrabiego p"
  },
  "extra": {
    "train_time_s": 40.44974398612976,
    "best_val": 2.0292105674743652
  }
}