{
  "name": "07_10min",
  "hyperparams": {
    "block_size": 64,
    "n_embd": 128,
    "n_head": 4,
    "n_layer": 4,
    "dropout": 0.0,
    "lr": 0.001,
    "batch_size": 32,
    "max_iters": 5000,
    "n_params": 824158
  },
  "iters": [
    0,
    250,
    500,
    750,
    1000,
    1250,
    1500,
    1750,
    2000,
    2250,
    2500,
    2750,
    3000,
    3250,
    3500,
    3750,
    4000,
    4250,
    4500,
    4750,
    4999
  ],
  "train_losses": [
    4.2593793869018555,
    2.4373741149902344,
    2.203871250152588,
    2.079282283782959,
    1.976424217224121,
    1.8934062719345093,
    1.8201303482055664,
    1.7728211879730225,
    1.7262752056121826,
    1.7023086547851562,
    1.669107437133789,
    1.6402736902236938,
    1.6118440628051758,
    1.610020399093628,
    1.5731165409088135,
    1.5498710870742798,
    1.550228476524353,
    1.5252618789672852,
    1.4932020902633667,
    1.482324242591858,
    1.4554390907287598
  ],
  "val_losses": [
    4.258986949920654,
    2.4534802436828613,
    2.2636265754699707,
    2.1551105976104736,
    2.0680413246154785,
    1.9833167791366577,
    1.9330179691314697,
    1.8952388763427734,
    1.891823172569275,
    1.8421989679336548,
    1.8453696966171265,
    1.842572808265686,
    1.8433001041412354,
    1.8658463954925537,
    1.8151366710662842,
    1.8136577606201172,
    1.8113453388214111,
    1.8165638446807861,
    1.8143306970596313,
    1.820412039756775,
    1.8398431539535522
  ],
  "samples": {
    "Litwo_T1.0": "Litwo, ojczyzno moja czynnie wodzów hasło pa Świcto!\n\n    Nie możeciem byowi to Eu skronie doły,\nMickiewiczym przemyślać grzeczni zgromadza;\nTak z rozmowau zachu nie przedzież to za nosów\nAsesor przemina, zarazmością, gdzie tyczasem,\nCoraz Moskalom pięci, w nich wiciu zdwią strono,\nGdzie na wkońcy wybiegł głową malona;\nZa Polakiehamińsze owoż wstrzegał się nalewartwa,\nJako śmich: czukna Parafowano poleaniczki;\nTo to ",
    "Litwo_T0.7": "Litwo, ojczyzno moja to było wyczyścić o siebie\nŚród dołem, cieprojeszono błzaszczych, z boru,\nJak w podarzach pod drogami taki,\nPod Zosiego nim wszystkiego przygona.\n\n    Rejent Podolsza, nie ucząt na to często zaciéj:\n«Czy Teraz w domu panny sługa — Tadeusz — Nieszcz— rzekł — lecz Sędzia — zwyczaj, co tak się wszystkich zawiera,\nSłucha się na do nasów wielkich zbożowatych wieczorowach\nWoda owad się rozstronie, i st"
  },
  "extra": {
    "train_time_s": 358.64206171035767,
    "best_val": 1.8113453388214111
  }
}