{
  "name": "07_5min",
  "hyperparams": {
    "block_size": 64,
    "n_embd": 96,
    "n_head": 4,
    "n_layer": 4,
    "dropout": 0.0,
    "lr": 0.003,
    "batch_size": 32,
    "max_iters": 4000,
    "n_params": 470686
  },
  "iters": [
    0,
    200,
    400,
    600,
    800,
    1000,
    1200,
    1400,
    1600,
    1800,
    2000,
    2200,
    2400,
    2600,
    2800,
    3000,
    3200,
    3400,
    3600,
    3800,
    3999
  ],
  "train_losses": [
    4.041105270385742,
    2.44879412651062,
    2.1984939575195312,
    2.0826852321624756,
    1.9721181392669678,
    1.8779380321502686,
    1.8236768245697021,
    1.7909730672836304,
    1.752084493637085,
    1.721571922302246,
    1.697356939315796,
    1.6866416931152344,
    1.661916971206665,
    1.633563756942749,
    1.6269487142562866,
    1.6158599853515625,
    1.5748875141143799,
    1.5570003986358643,
    1.5725780725479126,
    1.5631831884384155,
    1.5257519483566284
  ],
  "val_losses": [
    4.043662071228027,
    2.4667325019836426,
    2.249314308166504,
    2.141519069671631,
    2.034607172012329,
    1.9799888134002686,
    1.941279649734497,
    1.906116247177124,
    1.9097496271133423,
    1.8942241668701172,
    1.8625552654266357,
    1.8431192636489868,
    1.8621124029159546,
    1.8374046087265015,
    1.8118579387664795,
    1.8398288488388062,
    1.8388957977294922,
    1.8014100790023804,
    1.8308830261230469,
    1.833990454673767,
    1.8006656169891357
  ],
  "samples": {
    "Litwo_T1.0": "Litwo, ojczyzno moja,\nA nie chciał, będę władzać w przestanie,\nNa każde była siwuchać w jądźą, tabaki młody,\nA już nakaił więc z już niego gnił się za siydziedzą!\nJako zapuszał Jak okni milgo poparani strzelba!\nTo na czy zakłut dawniej koncera!\nPodniósł w dom waść; odbyć Telimena i poruchu;\nUkazyły nakaną Wojskiego. Dobruchają do domu,\nA u chroniąc i słodego kała kamlinkę:\nKonfedeek tu moja lubiła się tak wspomniałe,",
    "Litwo_T0.7": "Litwo, ojczyzno moja? — powiem —\nOgon miał w końcu Major za strzelać wiosny Scyzoryk — a chustce\nI na kwitnie na dziedzińcu, zjawić i czasie,\nW zwiesiach kwiat, pomin i po części lub gronice,\nZdany w zarazku znak stanie szlachta wszystkie\nI złoże czoła z gorali, narodzono drzwi brodziéj:\nW których za niemieckim krzyk zwycięstwa dwojej janowie.\nSkalić wilkopowi waszeć śmierci do pierścu.\nObłoki pośpiecie, ludzkie stał"
  },
  "extra": {
    "train_time_s": 260.563040971756,
    "best_val": 1.8006656169891357
  }
}